,sportsett_id,player_name,total_rebounds,max_rebounds,summary
0,4923,Joel Embiid,15,True,"The Philadelphia 76ers defeated the Charlotte Hornets, 105 - 103, at Wells Fargo Center on Saturday evening. The battle of two evenly matched teams was as good as expected, as neither club gave an inch through four quarters. A see - saw first half saw the 76ers (3 - 3) enter halftime holding a slim 63 - 62 advantage. Ultimately, a standout defensive effort by Philadelphia that saw them limit the Hornets (3 - 4) to 18 points in the final period helped key the hard - fought win. Both teams scuffled from the field with Charlotte's 39 percent success rate only slightly exceeding the Sixers' 38 percent figure. However, the home squad enjoyed a strong rebounding advantage, winning the battle of the boards by a 56 - 48 margin. Kemba Walker paced the Hornets with a game - high 37 points, a total he supplemented with six rebounds, six assists, two blocks and one steal. Miles Bridges followed with a bench - leading 14 points, a total he supplemented with two rebounds and one steal. Cody Zeller produced 12 points, six boards and one steal, while Jeremy Lamb matched his point total and added three rebounds and one assist. Joel Embiid led the way for the Sixers with a 27 - point, 14 - rebound double - double that also included two assists and two blocks. Robert Covington generated an 18 - point, 10 - rebound double - double of his own. J.J. Redick poured in 15 point to lead the second unit. Ben Simmons supplied 14 points, 12 rebounds, three assists and one steal. Dario Saric contributed 11 points, seven rebounds and one assist. Markelle Fultz turned in 10 points, four rebounds, four assists and one steal. The Hornets head back home and await a visit from the Miami Heat on Tuesday night, while the 76ers remain home to take on the Atlanta Hawks on Monday evening."
1,4923,Joel Embiid,15,True,"The Philadelphia 76ers defeated the Charlotte Hornets, 105 - 103, at Wells Fargo Center on Saturday evening. The battle of two evenly matched teams was as good as expected, as neither club gave an inch through four quarters. A see - saw first half saw the 76ers (3 - 3) enter halftime holding a slim 63 - 62 advantage. Ultimately, a standout defensive effort by Philadelphia that saw them limit the Hornets (3 - 4) to 18 points in the final period helped key the hard - fought win. Both teams scuffled from the field with Charlotte's 39 percent success rate only slightly exceeding the Sixers' 38 percent figure. However, the home squad enjoyed a strong rebounding advantage, winning the battle of the boards by a 56 - 48 margin. Kemba Walker paced the Hornets with a game - high 37 points, a total he supplemented with six rebounds, six assists, two blocks and one steal. Miles Bridges followed with a bench - leading 14 points, a total he supplemented with two rebounds and one steal. Cody Zeller produced 12 points, six boards and one steal, while Jeremy Lamb matched his point total and added three rebounds and one assist. Joel Embiid led the way for the Sixers with a 27 - point, 14 - rebound double - double that also included two assists and two blocks. Robert Covington generated an 18 - point, 10 - rebound double - double of his own. J.J. Redick poured in 15 point to lead the second unit. Ben Simmons supplied 14 points, 12 rebounds, three assists and one steal. Dario Saric contributed 11 points, seven rebounds and one assist. Markelle Fultz turned in 10 points, four rebounds, four assists and one steal. The Hornets head back home and await a visit from the Miami Heat on Tuesday night, while the 76ers remain home to take on the Atlanta Hawks on Monday evening."
2,4923,Joel Embiid,15,True,"The Philadelphia 76ers defeated the Charlotte Hornets, 105 - 103, at Wells Fargo Center on Saturday evening. The battle of two evenly matched teams was as good as expected, as neither club gave an inch through four quarters. A see - saw first half saw the 76ers (3 - 3) enter halftime holding a slim 63 - 62 advantage. Ultimately, a standout defensive effort by Philadelphia that saw them limit the Hornets (3 - 4) to 18 points in the final period helped key the hard - fought win. Both teams scuffled from the field with Charlotte's 39 percent success rate only slightly exceeding the Sixers' 38 percent figure. However, the home squad enjoyed a strong rebounding advantage, winning the battle of the boards by a 56 - 48 margin. Kemba Walker paced the Hornets with a game - high 37 points, a total he supplemented with six rebounds, six assists, two blocks and one steal. Miles Bridges followed with a bench - leading 14 points, a total he supplemented with two rebounds and one steal. Cody Zeller produced 12 points, six boards and one steal, while Jeremy Lamb matched his point total and added three rebounds and one assist. Joel Embiid led the way for the Sixers with a 27 - point, 14 - rebound double - double that also included two assists and two blocks. Robert Covington generated an 18 - point, 10 - rebound double - double of his own. J.J. Redick poured in 15 point to lead the second unit. Ben Simmons supplied 14 points, 12 rebounds, three assists and one steal. Dario Saric contributed 11 points, seven rebounds and one assist. Markelle Fultz turned in 10 points, four rebounds, four assists and one steal. The Hornets head back home and await a visit from the Miami Heat on Tuesday night, while the 76ers remain home to take on the Atlanta Hawks on Monday evening."
3,4923,Joel Embiid,15,True,"The Philadelphia 76ers defeated the Charlotte Hornets, 105 - 103, at Wells Fargo Center on Saturday evening. The battle of two evenly matched teams was as good as expected, as neither club gave an inch through four quarters. A see - saw first half saw the 76ers (3 - 3) enter halftime holding a slim 63 - 62 advantage. Ultimately, a standout defensive effort by Philadelphia that saw them limit the Hornets (3 - 4) to 18 points in the final period helped key the hard - fought win. Both teams scuffled from the field with Charlotte's 39 percent success rate only slightly exceeding the Sixers' 38 percent figure. However, the home squad enjoyed a strong rebounding advantage, winning the battle of the boards by a 56 - 48 margin. Kemba Walker paced the Hornets with a game - high 37 points, a total he supplemented with six rebounds, six assists, two blocks and one steal. Miles Bridges followed with a bench - leading 14 points, a total he supplemented with two rebounds and one steal. Cody Zeller produced 12 points, six boards and one steal, while Jeremy Lamb matched his point total and added three rebounds and one assist. Joel Embiid led the way for the Sixers with a 27 - point, 14 - rebound double - double that also included two assists and two blocks. Robert Covington generated an 18 - point, 10 - rebound double - double of his own. J.J. Redick poured in 15 point to lead the second unit. Ben Simmons supplied 14 points, 12 rebounds, three assists and one steal. Dario Saric contributed 11 points, seven rebounds and one assist. Markelle Fultz turned in 10 points, four rebounds, four assists and one steal. The Hornets head back home and await a visit from the Miami Heat on Tuesday night, while the 76ers remain home to take on the Atlanta Hawks on Monday evening."
4,4925,Joel Embiid,13,True,"The Philadelphia 76ers defeated the visiting Los Angeles Clippers, 122 - 113, at Wells Fargo Center on Thursday evening. The Sixers got out to a solid start at home, as they held the upper hand for the entire first quarter, before taking a 34 - 30 lead into the second. They took off in the second, as they quickly pushed their lead to 10, and went on to outscore the Clippers by 11 in the quarter, to take a 72 - 57 lead into halftime. However, the Clippers came out strong in the third, as they kicked off the quarter with an 11 - 4 run, to cut the gap to eight. They kept battling and managed to trim the deficit to just four points, as they trailed 90 - 86 heading into the final frame. Despite the Clippers' strong push, the Sixers kept it together and managed to push their lead back to 11, less two minutes into the quarter. From there, the Clippers were only able to get within three points, as the 76ers went on to their fifth home win of the season. Joel Embiid led Philadelphia with 41 points, 13 rebounds, four blocks and one assist, in 33 minutes. J.J. Redick followed up with 18 points, in 34 minutes off the bench, while Ben Simmons tallied 14 points, 11 assists, three rebounds and one steal. The Sixers shot 47 percent from the field, including 13 - of - 27 from long range. Meanwhile, Lou Williams led the Clippers with 26 points on 9 - of - 19 shooting, in 24 minutes off the bench. Danilo Gallinari followed up with 25 points, eight rebounds and one assist, in 35 minutes, while Tobias Harris added 24 points, eight rebounds, three assists and one block. The Clippers shot 44 percent from the field, including 9 - of - 23 from long range. The Clippers (4 - 4) will be right back in action, as they take on the Magic in Orlando on Friday. The 76ers (5 - 4) play host to the Pistons on Saturday."
5,4925,Joel Embiid,13,True,"The Philadelphia 76ers defeated the visiting Los Angeles Clippers, 122 - 113, at Wells Fargo Center on Thursday evening. The Sixers got out to a solid start at home, as they held the upper hand for the entire first quarter, before taking a 34 - 30 lead into the second. They took off in the second, as they quickly pushed their lead to 10, and went on to outscore the Clippers by 11 in the quarter, to take a 72 - 57 lead into halftime. However, the Clippers came out strong in the third, as they kicked off the quarter with an 11 - 4 run, to cut the gap to eight. They kept battling and managed to trim the deficit to just four points, as they trailed 90 - 86 heading into the final frame. Despite the Clippers' strong push, the Sixers kept it together and managed to push their lead back to 11, less two minutes into the quarter. From there, the Clippers were only able to get within three points, as the 76ers went on to their fifth home win of the season. Joel Embiid led Philadelphia with 41 points, 13 rebounds, four blocks and one assist, in 33 minutes. J.J. Redick followed up with 18 points, in 34 minutes off the bench, while Ben Simmons tallied 14 points, 11 assists, three rebounds and one steal. The Sixers shot 47 percent from the field, including 13 - of - 27 from long range. Meanwhile, Lou Williams led the Clippers with 26 points on 9 - of - 19 shooting, in 24 minutes off the bench. Danilo Gallinari followed up with 25 points, eight rebounds and one assist, in 35 minutes, while Tobias Harris added 24 points, eight rebounds, three assists and one block. The Clippers shot 44 percent from the field, including 9 - of - 23 from long range. The Clippers (4 - 4) will be right back in action, as they take on the Magic in Orlando on Friday. The 76ers (5 - 4) play host to the Pistons on Saturday."
6,4925,Joel Embiid,13,True,"The Philadelphia 76ers defeated the visiting Los Angeles Clippers, 122 - 113, at Wells Fargo Center on Thursday evening. The Sixers got out to a solid start at home, as they held the upper hand for the entire first quarter, before taking a 34 - 30 lead into the second. They took off in the second, as they quickly pushed their lead to 10, and went on to outscore the Clippers by 11 in the quarter, to take a 72 - 57 lead into halftime. However, the Clippers came out strong in the third, as they kicked off the quarter with an 11 - 4 run, to cut the gap to eight. They kept battling and managed to trim the deficit to just four points, as they trailed 90 - 86 heading into the final frame. Despite the Clippers' strong push, the Sixers kept it together and managed to push their lead back to 11, less two minutes into the quarter. From there, the Clippers were only able to get within three points, as the 76ers went on to their fifth home win of the season. Joel Embiid led Philadelphia with 41 points, 13 rebounds, four blocks and one assist, in 33 minutes. J.J. Redick followed up with 18 points, in 34 minutes off the bench, while Ben Simmons tallied 14 points, 11 assists, three rebounds and one steal. The Sixers shot 47 percent from the field, including 13 - of - 27 from long range. Meanwhile, Lou Williams led the Clippers with 26 points on 9 - of - 19 shooting, in 24 minutes off the bench. Danilo Gallinari followed up with 25 points, eight rebounds and one assist, in 35 minutes, while Tobias Harris added 24 points, eight rebounds, three assists and one block. The Clippers shot 44 percent from the field, including 9 - of - 23 from long range. The Clippers (4 - 4) will be right back in action, as they take on the Magic in Orlando on Friday. The 76ers (5 - 4) play host to the Pistons on Saturday."
7,4925,Joel Embiid,13,True,"The Philadelphia 76ers defeated the visiting Los Angeles Clippers, 122 - 113, at Wells Fargo Center on Thursday evening. The Sixers got out to a solid start at home, as they held the upper hand for the entire first quarter, before taking a 34 - 30 lead into the second. They took off in the second, as they quickly pushed their lead to 10, and went on to outscore the Clippers by 11 in the quarter, to take a 72 - 57 lead into halftime. However, the Clippers came out strong in the third, as they kicked off the quarter with an 11 - 4 run, to cut the gap to eight. They kept battling and managed to trim the deficit to just four points, as they trailed 90 - 86 heading into the final frame. Despite the Clippers' strong push, the Sixers kept it together and managed to push their lead back to 11, less two minutes into the quarter. From there, the Clippers were only able to get within three points, as the 76ers went on to their fifth home win of the season. Joel Embiid led Philadelphia with 41 points, 13 rebounds, four blocks and one assist, in 33 minutes. J.J. Redick followed up with 18 points, in 34 minutes off the bench, while Ben Simmons tallied 14 points, 11 assists, three rebounds and one steal. The Sixers shot 47 percent from the field, including 13 - of - 27 from long range. Meanwhile, Lou Williams led the Clippers with 26 points on 9 - of - 19 shooting, in 24 minutes off the bench. Danilo Gallinari followed up with 25 points, eight rebounds and one assist, in 35 minutes, while Tobias Harris added 24 points, eight rebounds, three assists and one block. The Clippers shot 44 percent from the field, including 9 - of - 23 from long range. The Clippers (4 - 4) will be right back in action, as they take on the Magic in Orlando on Friday. The 76ers (5 - 4) play host to the Pistons on Saturday."
8,4927,Joel Embiid,18,True,"The Philadelphia 76ers defeated the Charlotte Hornets, 133 - 132, in overtime at Wells Fargo Center on Friday evening. The 76ers (8 - 5) found themselves at the scene of the majority of their successes Friday, as they'd come into the contest with a perfect 60 record at home. After a nip - and - tuck first quarter, Philadelphia seemingly turned the game in their favor with a 32 - 17 advantage in the second period. To their credit, the Hornets (6 - 6) wouldn't go away, chipping away at their deficit until overcoming it in the fourth quarter. However after holding a five - point lead as late as the 1:18 mark of the final period, Charlotte allowed Philadelphia a 7 - 2 run at the end of regulation to force overtime. In a tightly contested extra period, a free throw apiece from Ben Simmons and Joel Embiid in the closing seconds helped create just enough cushion for the win. Kemba Walker paced the Hornets with 30 points and added nine assists, seven rebounds and one steal. Jeremy Lamb provided 17 points, three rebounds, one assist, two steals and one block. Dwayne Bacon supplied 15 points, one rebound, one assist and one steal. Willy Hernangomez delivered 14 points and four boards. Cody Zeller matched Hernangomez's scoring and rebounding totals, while Michael Kidd-Gilchrist generated a 12 - point, 12 - rebound double - double off the bench. Embiid led the Sixers with a 42 - point, 18 - rebound double - double that also included four assists and four blocks. Ben Simmons tallied a 22 - point, 13 - assist double - double that also included eight boards, three blocks and two steals. Dario Saric contributed 18 points, nine rebounds, two assists and one block. J.J. Redick finished with 17 points, four assists and two rebounds. Markelle Fultz and Robert Covington started but only had seven points each. The Hornets remain on the road and take on the Pistons on Sunday afternoon, while the 76ers pay a visit to the Memphis Grizzlies on Saturday night."
9,4927,Joel Embiid,18,True,"The Philadelphia 76ers defeated the Charlotte Hornets, 133 - 132, in overtime at Wells Fargo Center on Friday evening. The 76ers (8 - 5) found themselves at the scene of the majority of their successes Friday, as they'd come into the contest with a perfect 60 record at home. After a nip - and - tuck first quarter, Philadelphia seemingly turned the game in their favor with a 32 - 17 advantage in the second period. To their credit, the Hornets (6 - 6) wouldn't go away, chipping away at their deficit until overcoming it in the fourth quarter. However after holding a five - point lead as late as the 1:18 mark of the final period, Charlotte allowed Philadelphia a 7 - 2 run at the end of regulation to force overtime. In a tightly contested extra period, a free throw apiece from Ben Simmons and Joel Embiid in the closing seconds helped create just enough cushion for the win. Kemba Walker paced the Hornets with 30 points and added nine assists, seven rebounds and one steal. Jeremy Lamb provided 17 points, three rebounds, one assist, two steals and one block. Dwayne Bacon supplied 15 points, one rebound, one assist and one steal. Willy Hernangomez delivered 14 points and four boards. Cody Zeller matched Hernangomez's scoring and rebounding totals, while Michael Kidd-Gilchrist generated a 12 - point, 12 - rebound double - double off the bench. Embiid led the Sixers with a 42 - point, 18 - rebound double - double that also included four assists and four blocks. Ben Simmons tallied a 22 - point, 13 - assist double - double that also included eight boards, three blocks and two steals. Dario Saric contributed 18 points, nine rebounds, two assists and one block. J.J. Redick finished with 17 points, four assists and two rebounds. Markelle Fultz and Robert Covington started but only had seven points each. The Hornets remain on the road and take on the Pistons on Sunday afternoon, while the 76ers pay a visit to the Memphis Grizzlies on Saturday night."
10,4927,Joel Embiid,18,True,"The Philadelphia 76ers defeated the Charlotte Hornets, 133 - 132, in overtime at Wells Fargo Center on Friday evening. The 76ers (8 - 5) found themselves at the scene of the majority of their successes Friday, as they'd come into the contest with a perfect 60 record at home. After a nip - and - tuck first quarter, Philadelphia seemingly turned the game in their favor with a 32 - 17 advantage in the second period. To their credit, the Hornets (6 - 6) wouldn't go away, chipping away at their deficit until overcoming it in the fourth quarter. However after holding a five - point lead as late as the 1:18 mark of the final period, Charlotte allowed Philadelphia a 7 - 2 run at the end of regulation to force overtime. In a tightly contested extra period, a free throw apiece from Ben Simmons and Joel Embiid in the closing seconds helped create just enough cushion for the win. Kemba Walker paced the Hornets with 30 points and added nine assists, seven rebounds and one steal. Jeremy Lamb provided 17 points, three rebounds, one assist, two steals and one block. Dwayne Bacon supplied 15 points, one rebound, one assist and one steal. Willy Hernangomez delivered 14 points and four boards. Cody Zeller matched Hernangomez's scoring and rebounding totals, while Michael Kidd-Gilchrist generated a 12 - point, 12 - rebound double - double off the bench. Embiid led the Sixers with a 42 - point, 18 - rebound double - double that also included four assists and four blocks. Ben Simmons tallied a 22 - point, 13 - assist double - double that also included eight boards, three blocks and two steals. Dario Saric contributed 18 points, nine rebounds, two assists and one block. J.J. Redick finished with 17 points, four assists and two rebounds. Markelle Fultz and Robert Covington started but only had seven points each. The Hornets remain on the road and take on the Pistons on Sunday afternoon, while the 76ers pay a visit to the Memphis Grizzlies on Saturday night."
11,4927,Joel Embiid,18,True,"The Philadelphia 76ers defeated the Charlotte Hornets, 133 - 132, in overtime at Wells Fargo Center on Friday evening. The 76ers (8 - 5) found themselves at the scene of the majority of their successes Friday, as they'd come into the contest with a perfect 60 record at home. After a nip - and - tuck first quarter, Philadelphia seemingly turned the game in their favor with a 32 - 17 advantage in the second period. To their credit, the Hornets (6 - 6) wouldn't go away, chipping away at their deficit until overcoming it in the fourth quarter. However after holding a five - point lead as late as the 1:18 mark of the final period, Charlotte allowed Philadelphia a 7 - 2 run at the end of regulation to force overtime. In a tightly contested extra period, a free throw apiece from Ben Simmons and Joel Embiid in the closing seconds helped create just enough cushion for the win. Kemba Walker paced the Hornets with 30 points and added nine assists, seven rebounds and one steal. Jeremy Lamb provided 17 points, three rebounds, one assist, two steals and one block. Dwayne Bacon supplied 15 points, one rebound, one assist and one steal. Willy Hernangomez delivered 14 points and four boards. Cody Zeller matched Hernangomez's scoring and rebounding totals, while Michael Kidd-Gilchrist generated a 12 - point, 12 - rebound double - double off the bench. Embiid led the Sixers with a 42 - point, 18 - rebound double - double that also included four assists and four blocks. Ben Simmons tallied a 22 - point, 13 - assist double - double that also included eight boards, three blocks and two steals. Dario Saric contributed 18 points, nine rebounds, two assists and one block. J.J. Redick finished with 17 points, four assists and two rebounds. Markelle Fultz and Robert Covington started but only had seven points each. The Hornets remain on the road and take on the Pistons on Sunday afternoon, while the 76ers pay a visit to the Memphis Grizzlies on Saturday night."
12,4929,Joel Embiid,17,True,"The Philadelphia 76ers defeated the Phoenix Suns, 119 - 114, at Wells Fargo Center on Monday evening. The 76ers (12 - 7) likely walked into Monday's home game feeling pretty good about themselves, and more specifically, their chances of cruising through an interconference contest against the struggling Suns (3 - 13), which had failed to win a road game in six tries. Philadelphia got an early wake - up call, as Phoenix jumped out to a 36 - 26 first - quarter lead. The visitors still held an advantage at halftime, albeit by just five points. The Sixers were able to eradicate their deficit in convincing fashion in the third and entered the final 12 minutes with a 92 - 86 edge. That would prove to be enough, although the Suns got as close 117 - 114 with 6 seconds remaining after a Mikal Bridges three - pointer. Phoenix kept the pressure on their hosts with a 51 percent success rate from the field, but they were outrebounded by a 53 - 31 margin. Devin Booker paced the Suns with 37 points, a total he supplemented with eight assists and three rebounds. T.J. Warren followed with 21 points, four rebounds, four assists and one block. Deandre Ayton posted 17 points, nine rebounds, one assist and one steal. Bridges finished with 13 points, while Trevor Ariza filled out the stat sheet with 10 points, seven rebounds, five assists, three steals and one block. Richaun Holmes matched Ariza's point total while leading the bench. Joel Embiid led the 76ers with a 33 - point, 17 - rebound double - double that also included one assist, three steals and one block. Ben Simmons had a near triple - double with 19 points, 11 rebounds, nine assists and one steal. Mike Muscala matched Simmons' point total to lead the second unit. J.J. Redick poured in 17 points and added four rebounds and three assists. Jimmy Butler contributed 16 points, three rebounds, one assist and two steals. The Suns remain on the road and visit the Chicago Bulls on Wednesday'night, while the Sixers remain home and face the New Orleans Pelicans on that same evening."
13,4929,Joel Embiid,17,True,"The Philadelphia 76ers defeated the Phoenix Suns, 119 - 114, at Wells Fargo Center on Monday evening. The 76ers (12 - 7) likely walked into Monday's home game feeling pretty good about themselves, and more specifically, their chances of cruising through an interconference contest against the struggling Suns (3 - 13), which had failed to win a road game in six tries. Philadelphia got an early wake - up call, as Phoenix jumped out to a 36 - 26 first - quarter lead. The visitors still held an advantage at halftime, albeit by just five points. The Sixers were able to eradicate their deficit in convincing fashion in the third and entered the final 12 minutes with a 92 - 86 edge. That would prove to be enough, although the Suns got as close 117 - 114 with 6 seconds remaining after a Mikal Bridges three - pointer. Phoenix kept the pressure on their hosts with a 51 percent success rate from the field, but they were outrebounded by a 53 - 31 margin. Devin Booker paced the Suns with 37 points, a total he supplemented with eight assists and three rebounds. T.J. Warren followed with 21 points, four rebounds, four assists and one block. Deandre Ayton posted 17 points, nine rebounds, one assist and one steal. Bridges finished with 13 points, while Trevor Ariza filled out the stat sheet with 10 points, seven rebounds, five assists, three steals and one block. Richaun Holmes matched Ariza's point total while leading the bench. Joel Embiid led the 76ers with a 33 - point, 17 - rebound double - double that also included one assist, three steals and one block. Ben Simmons had a near triple - double with 19 points, 11 rebounds, nine assists and one steal. Mike Muscala matched Simmons' point total to lead the second unit. J.J. Redick poured in 17 points and added four rebounds and three assists. Jimmy Butler contributed 16 points, three rebounds, one assist and two steals. The Suns remain on the road and visit the Chicago Bulls on Wednesday'night, while the Sixers remain home and face the New Orleans Pelicans on that same evening."
14,4929,Joel Embiid,17,True,"The Philadelphia 76ers defeated the Phoenix Suns, 119 - 114, at Wells Fargo Center on Monday evening. The 76ers (12 - 7) likely walked into Monday's home game feeling pretty good about themselves, and more specifically, their chances of cruising through an interconference contest against the struggling Suns (3 - 13), which had failed to win a road game in six tries. Philadelphia got an early wake - up call, as Phoenix jumped out to a 36 - 26 first - quarter lead. The visitors still held an advantage at halftime, albeit by just five points. The Sixers were able to eradicate their deficit in convincing fashion in the third and entered the final 12 minutes with a 92 - 86 edge. That would prove to be enough, although the Suns got as close 117 - 114 with 6 seconds remaining after a Mikal Bridges three - pointer. Phoenix kept the pressure on their hosts with a 51 percent success rate from the field, but they were outrebounded by a 53 - 31 margin. Devin Booker paced the Suns with 37 points, a total he supplemented with eight assists and three rebounds. T.J. Warren followed with 21 points, four rebounds, four assists and one block. Deandre Ayton posted 17 points, nine rebounds, one assist and one steal. Bridges finished with 13 points, while Trevor Ariza filled out the stat sheet with 10 points, seven rebounds, five assists, three steals and one block. Richaun Holmes matched Ariza's point total while leading the bench. Joel Embiid led the 76ers with a 33 - point, 17 - rebound double - double that also included one assist, three steals and one block. Ben Simmons had a near triple - double with 19 points, 11 rebounds, nine assists and one steal. Mike Muscala matched Simmons' point total to lead the second unit. J.J. Redick poured in 17 points and added four rebounds and three assists. Jimmy Butler contributed 16 points, three rebounds, one assist and two steals. The Suns remain on the road and visit the Chicago Bulls on Wednesday'night, while the Sixers remain home and face the New Orleans Pelicans on that same evening."
15,4929,Joel Embiid,17,True,"The Philadelphia 76ers defeated the Phoenix Suns, 119 - 114, at Wells Fargo Center on Monday evening. The 76ers (12 - 7) likely walked into Monday's home game feeling pretty good about themselves, and more specifically, their chances of cruising through an interconference contest against the struggling Suns (3 - 13), which had failed to win a road game in six tries. Philadelphia got an early wake - up call, as Phoenix jumped out to a 36 - 26 first - quarter lead. The visitors still held an advantage at halftime, albeit by just five points. The Sixers were able to eradicate their deficit in convincing fashion in the third and entered the final 12 minutes with a 92 - 86 edge. That would prove to be enough, although the Suns got as close 117 - 114 with 6 seconds remaining after a Mikal Bridges three - pointer. Phoenix kept the pressure on their hosts with a 51 percent success rate from the field, but they were outrebounded by a 53 - 31 margin. Devin Booker paced the Suns with 37 points, a total he supplemented with eight assists and three rebounds. T.J. Warren followed with 21 points, four rebounds, four assists and one block. Deandre Ayton posted 17 points, nine rebounds, one assist and one steal. Bridges finished with 13 points, while Trevor Ariza filled out the stat sheet with 10 points, seven rebounds, five assists, three steals and one block. Richaun Holmes matched Ariza's point total while leading the bench. Joel Embiid led the 76ers with a 33 - point, 17 - rebound double - double that also included one assist, three steals and one block. Ben Simmons had a near triple - double with 19 points, 11 rebounds, nine assists and one steal. Mike Muscala matched Simmons' point total to lead the second unit. J.J. Redick poured in 17 points and added four rebounds and three assists. Jimmy Butler contributed 16 points, three rebounds, one assist and two steals. The Suns remain on the road and visit the Chicago Bulls on Wednesday'night, while the Sixers remain home and face the New Orleans Pelicans on that same evening."
16,4930,Joel Embiid,19,True,"The Philadelphia 76ers defeated the visiting New Orleans Pelicans, 121 - 120, at Wells Fargo Center on Wednesday evening. The 76ers got out to a great start at home, as they outscored the Pelicans, 38 - 23, in the first quarter. The Pelicans made a push to start the second and quickly cut the gap to just three points. However, the home team was able to withstand, as the Sixers built their lead back up to double digits, and took a 67 - 57 lead into halftime. The third quarter was evenly matched, as neither team gave up any ground. The Pelicans led 96 - 87 heading into the final frame. The 76ers pushed their lead to 15 early in the fourth, but the Pelicans did not break, as the rallied back to make it a one - point game, with one minute remaining. Despite the visitor's best effort, the 76ers managed to stay one step ahead in crunch time, to pull off the impressive, 121 - 120, home win. This marks the fourth straight win for Philly. Joel Embiid led the 76ers with 31 points, 19 rebounds, two assists and two blocks, in 32 minutes. Ben Simmons followed up with 22 points, eight rebounds, seven assists, two blocks and one steal, in 35 minutes. Jimmy Butler and J.J. Redick chipped in 13 points each. The Sixers shot 45 percent from the field, including 10 - of - 29 from long range. Meanwhile, Jrue Holiday and E'Twaun Moore poured in 30 points each for the Pelicans. Julius Randle came up large as well, with 22 points, 10 rebounds, three assists and one block, in 28 minutes off the bench. The Pelicans (10 - 8) will look to bounce back as they take on the Knicks in New York on Friday. The 76ers (13 - 7) play host to the Cavs on Friday."
17,4930,Joel Embiid,19,True,"The Philadelphia 76ers defeated the visiting New Orleans Pelicans, 121 - 120, at Wells Fargo Center on Wednesday evening. The 76ers got out to a great start at home, as they outscored the Pelicans, 38 - 23, in the first quarter. The Pelicans made a push to start the second and quickly cut the gap to just three points. However, the home team was able to withstand, as the Sixers built their lead back up to double digits, and took a 67 - 57 lead into halftime. The third quarter was evenly matched, as neither team gave up any ground. The Pelicans led 96 - 87 heading into the final frame. The 76ers pushed their lead to 15 early in the fourth, but the Pelicans did not break, as the rallied back to make it a one - point game, with one minute remaining. Despite the visitor's best effort, the 76ers managed to stay one step ahead in crunch time, to pull off the impressive, 121 - 120, home win. This marks the fourth straight win for Philly. Joel Embiid led the 76ers with 31 points, 19 rebounds, two assists and two blocks, in 32 minutes. Ben Simmons followed up with 22 points, eight rebounds, seven assists, two blocks and one steal, in 35 minutes. Jimmy Butler and J.J. Redick chipped in 13 points each. The Sixers shot 45 percent from the field, including 10 - of - 29 from long range. Meanwhile, Jrue Holiday and E'Twaun Moore poured in 30 points each for the Pelicans. Julius Randle came up large as well, with 22 points, 10 rebounds, three assists and one block, in 28 minutes off the bench. The Pelicans (10 - 8) will look to bounce back as they take on the Knicks in New York on Friday. The 76ers (13 - 7) play host to the Cavs on Friday."
18,4930,Joel Embiid,19,True,"The Philadelphia 76ers defeated the visiting New Orleans Pelicans, 121 - 120, at Wells Fargo Center on Wednesday evening. The 76ers got out to a great start at home, as they outscored the Pelicans, 38 - 23, in the first quarter. The Pelicans made a push to start the second and quickly cut the gap to just three points. However, the home team was able to withstand, as the Sixers built their lead back up to double digits, and took a 67 - 57 lead into halftime. The third quarter was evenly matched, as neither team gave up any ground. The Pelicans led 96 - 87 heading into the final frame. The 76ers pushed their lead to 15 early in the fourth, but the Pelicans did not break, as the rallied back to make it a one - point game, with one minute remaining. Despite the visitor's best effort, the 76ers managed to stay one step ahead in crunch time, to pull off the impressive, 121 - 120, home win. This marks the fourth straight win for Philly. Joel Embiid led the 76ers with 31 points, 19 rebounds, two assists and two blocks, in 32 minutes. Ben Simmons followed up with 22 points, eight rebounds, seven assists, two blocks and one steal, in 35 minutes. Jimmy Butler and J.J. Redick chipped in 13 points each. The Sixers shot 45 percent from the field, including 10 - of - 29 from long range. Meanwhile, Jrue Holiday and E'Twaun Moore poured in 30 points each for the Pelicans. Julius Randle came up large as well, with 22 points, 10 rebounds, three assists and one block, in 28 minutes off the bench. The Pelicans (10 - 8) will look to bounce back as they take on the Knicks in New York on Friday. The 76ers (13 - 7) play host to the Cavs on Friday."
19,4930,Joel Embiid,19,True,"The Philadelphia 76ers defeated the visiting New Orleans Pelicans, 121 - 120, at Wells Fargo Center on Wednesday evening. The 76ers got out to a great start at home, as they outscored the Pelicans, 38 - 23, in the first quarter. The Pelicans made a push to start the second and quickly cut the gap to just three points. However, the home team was able to withstand, as the Sixers built their lead back up to double digits, and took a 67 - 57 lead into halftime. The third quarter was evenly matched, as neither team gave up any ground. The Pelicans led 96 - 87 heading into the final frame. The 76ers pushed their lead to 15 early in the fourth, but the Pelicans did not break, as the rallied back to make it a one - point game, with one minute remaining. Despite the visitor's best effort, the 76ers managed to stay one step ahead in crunch time, to pull off the impressive, 121 - 120, home win. This marks the fourth straight win for Philly. Joel Embiid led the 76ers with 31 points, 19 rebounds, two assists and two blocks, in 32 minutes. Ben Simmons followed up with 22 points, eight rebounds, seven assists, two blocks and one steal, in 35 minutes. Jimmy Butler and J.J. Redick chipped in 13 points each. The Sixers shot 45 percent from the field, including 10 - of - 29 from long range. Meanwhile, Jrue Holiday and E'Twaun Moore poured in 30 points each for the Pelicans. Julius Randle came up large as well, with 22 points, 10 rebounds, three assists and one block, in 28 minutes off the bench. The Pelicans (10 - 8) will look to bounce back as they take on the Knicks in New York on Friday. The 76ers (13 - 7) play host to the Cavs on Friday."
