,sportsett_id,player_name,points,is_top_scorer,summary
0,4922,Joel Embiid,32,True,"The Philadelphia 76ers defeated the visiting Orlando Magic, 116 - 115, at Wells Fargo Center on Saturday evening. The Magic jumped out to a quick 90 lead and went ahead to push it to a 26 - 10 advantage with 4:55 left in the first. However, the Sixers battled back and cut the gap to just two points, trailing, 32 - 30, after one. The 76ers pulled ahead in the second carried the lead for most of the quarter, before taking a 63 - 52 lead into halftime. The tides turned again in the third quarter, as the Magic outscored the 76ers by eight, to cut the deficit to three points, heading into the final frame. The Sixers maintained their edge and pushed the lead back to 10, with five minutes to go in the game, but the Magic used an 18 - 9 run to make it a one - point game with 5 seconds left and possession. The Magic were not able to convert on the final play and dropped their second game in as many nights. On the other hand, the Sixers earned their second straight win. Joel Embiid led Philadelphia with 32 points, 10 rebounds and three assists, in 33 minutes. J.J. Redick came up huge in 32 minutes off the bench, with 31 points, four rebounds and four assists. Dario Saric finished with 13 points, nine rebounds, five assists, one block and one steal, while Robert Covington added 12 points, four rebounds, two steals, one block and one assist. The Sixers shot 48 percent from the field, including 17 - of - 34 from long range. Meanwhile, Evan Fournier was the high - point man for the Magic with 31 points, four rebounds, three assists and one steal, in 33 minutes. Nikola Vucevic had a big night with 27 points, 13 rebounds, 12 assists and two steals, in 37 minutes of action, while Aaron Gordon finished with 20 points, 12 rebounds three assists, three blocks and one steal. The Magic shot 46 percent from the field, including 16 - of - 29 from distance. The Magic (1 - 2) take on the Celtics in Boston on Monday, while the 76ers, head to Detroit to challenge the Pistons on Tuesday."
1,4922,Joel Embiid,32,True,"The Philadelphia 76ers defeated the visiting Orlando Magic, 116 - 115, at Wells Fargo Center on Saturday evening. The Magic jumped out to a quick 90 lead and went ahead to push it to a 26 - 10 advantage with 4:55 left in the first. However, the Sixers battled back and cut the gap to just two points, trailing, 32 - 30, after one. The 76ers pulled ahead in the second carried the lead for most of the quarter, before taking a 63 - 52 lead into halftime. The tides turned again in the third quarter, as the Magic outscored the 76ers by eight, to cut the deficit to three points, heading into the final frame. The Sixers maintained their edge and pushed the lead back to 10, with five minutes to go in the game, but the Magic used an 18 - 9 run to make it a one - point game with 5 seconds left and possession. The Magic were not able to convert on the final play and dropped their second game in as many nights. On the other hand, the Sixers earned their second straight win. Joel Embiid led Philadelphia with 32 points, 10 rebounds and three assists, in 33 minutes. J.J. Redick came up huge in 32 minutes off the bench, with 31 points, four rebounds and four assists. Dario Saric finished with 13 points, nine rebounds, five assists, one block and one steal, while Robert Covington added 12 points, four rebounds, two steals, one block and one assist. The Sixers shot 48 percent from the field, including 17 - of - 34 from long range. Meanwhile, Evan Fournier was the high - point man for the Magic with 31 points, four rebounds, three assists and one steal, in 33 minutes. Nikola Vucevic had a big night with 27 points, 13 rebounds, 12 assists and two steals, in 37 minutes of action, while Aaron Gordon finished with 20 points, 12 rebounds three assists, three blocks and one steal. The Magic shot 46 percent from the field, including 16 - of - 29 from distance. The Magic (1 - 2) take on the Celtics in Boston on Monday, while the 76ers, head to Detroit to challenge the Pistons on Tuesday."
2,4922,Joel Embiid,32,True,"The Philadelphia 76ers defeated the visiting Orlando Magic, 116 - 115, at Wells Fargo Center on Saturday evening. The Magic jumped out to a quick 90 lead and went ahead to push it to a 26 - 10 advantage with 4:55 left in the first. However, the Sixers battled back and cut the gap to just two points, trailing, 32 - 30, after one. The 76ers pulled ahead in the second carried the lead for most of the quarter, before taking a 63 - 52 lead into halftime. The tides turned again in the third quarter, as the Magic outscored the 76ers by eight, to cut the deficit to three points, heading into the final frame. The Sixers maintained their edge and pushed the lead back to 10, with five minutes to go in the game, but the Magic used an 18 - 9 run to make it a one - point game with 5 seconds left and possession. The Magic were not able to convert on the final play and dropped their second game in as many nights. On the other hand, the Sixers earned their second straight win. Joel Embiid led Philadelphia with 32 points, 10 rebounds and three assists, in 33 minutes. J.J. Redick came up huge in 32 minutes off the bench, with 31 points, four rebounds and four assists. Dario Saric finished with 13 points, nine rebounds, five assists, one block and one steal, while Robert Covington added 12 points, four rebounds, two steals, one block and one assist. The Sixers shot 48 percent from the field, including 17 - of - 34 from long range. Meanwhile, Evan Fournier was the high - point man for the Magic with 31 points, four rebounds, three assists and one steal, in 33 minutes. Nikola Vucevic had a big night with 27 points, 13 rebounds, 12 assists and two steals, in 37 minutes of action, while Aaron Gordon finished with 20 points, 12 rebounds three assists, three blocks and one steal. The Magic shot 46 percent from the field, including 16 - of - 29 from distance. The Magic (1 - 2) take on the Celtics in Boston on Monday, while the 76ers, head to Detroit to challenge the Pistons on Tuesday."
3,4922,Joel Embiid,32,True,"The Philadelphia 76ers defeated the visiting Orlando Magic, 116 - 115, at Wells Fargo Center on Saturday evening. The Magic jumped out to a quick 90 lead and went ahead to push it to a 26 - 10 advantage with 4:55 left in the first. However, the Sixers battled back and cut the gap to just two points, trailing, 32 - 30, after one. The 76ers pulled ahead in the second carried the lead for most of the quarter, before taking a 63 - 52 lead into halftime. The tides turned again in the third quarter, as the Magic outscored the 76ers by eight, to cut the deficit to three points, heading into the final frame. The Sixers maintained their edge and pushed the lead back to 10, with five minutes to go in the game, but the Magic used an 18 - 9 run to make it a one - point game with 5 seconds left and possession. The Magic were not able to convert on the final play and dropped their second game in as many nights. On the other hand, the Sixers earned their second straight win. Joel Embiid led Philadelphia with 32 points, 10 rebounds and three assists, in 33 minutes. J.J. Redick came up huge in 32 minutes off the bench, with 31 points, four rebounds and four assists. Dario Saric finished with 13 points, nine rebounds, five assists, one block and one steal, while Robert Covington added 12 points, four rebounds, two steals, one block and one assist. The Sixers shot 48 percent from the field, including 17 - of - 34 from long range. Meanwhile, Evan Fournier was the high - point man for the Magic with 31 points, four rebounds, three assists and one steal, in 33 minutes. Nikola Vucevic had a big night with 27 points, 13 rebounds, 12 assists and two steals, in 37 minutes of action, while Aaron Gordon finished with 20 points, 12 rebounds three assists, three blocks and one steal. The Magic shot 46 percent from the field, including 16 - of - 29 from distance. The Magic (1 - 2) take on the Celtics in Boston on Monday, while the 76ers, head to Detroit to challenge the Pistons on Tuesday."
4,4922,Joel Embiid,32,True,"The Philadelphia 76ers defeated the visiting Orlando Magic, 116 - 115, at Wells Fargo Center on Saturday evening. The Magic jumped out to a quick 90 lead and went ahead to push it to a 26 - 10 advantage with 4:55 left in the first. However, the Sixers battled back and cut the gap to just two points, trailing, 32 - 30, after one. The 76ers pulled ahead in the second carried the lead for most of the quarter, before taking a 63 - 52 lead into halftime. The tides turned again in the third quarter, as the Magic outscored the 76ers by eight, to cut the deficit to three points, heading into the final frame. The Sixers maintained their edge and pushed the lead back to 10, with five minutes to go in the game, but the Magic used an 18 - 9 run to make it a one - point game with 5 seconds left and possession. The Magic were not able to convert on the final play and dropped their second game in as many nights. On the other hand, the Sixers earned their second straight win. Joel Embiid led Philadelphia with 32 points, 10 rebounds and three assists, in 33 minutes. J.J. Redick came up huge in 32 minutes off the bench, with 31 points, four rebounds and four assists. Dario Saric finished with 13 points, nine rebounds, five assists, one block and one steal, while Robert Covington added 12 points, four rebounds, two steals, one block and one assist. The Sixers shot 48 percent from the field, including 17 - of - 34 from long range. Meanwhile, Evan Fournier was the high - point man for the Magic with 31 points, four rebounds, three assists and one steal, in 33 minutes. Nikola Vucevic had a big night with 27 points, 13 rebounds, 12 assists and two steals, in 37 minutes of action, while Aaron Gordon finished with 20 points, 12 rebounds three assists, three blocks and one steal. The Magic shot 46 percent from the field, including 16 - of - 29 from distance. The Magic (1 - 2) take on the Celtics in Boston on Monday, while the 76ers, head to Detroit to challenge the Pistons on Tuesday."
5,4925,Joel Embiid,41,True,"The Philadelphia 76ers defeated the visiting Los Angeles Clippers, 122 - 113, at Wells Fargo Center on Thursday evening. The Sixers got out to a solid start at home, as they held the upper hand for the entire first quarter, before taking a 34 - 30 lead into the second. They took off in the second, as they quickly pushed their lead to 10, and went on to outscore the Clippers by 11 in the quarter, to take a 72 - 57 lead into halftime. However, the Clippers came out strong in the third, as they kicked off the quarter with an 11 - 4 run, to cut the gap to eight. They kept battling and managed to trim the deficit to just four points, as they trailed 90 - 86 heading into the final frame. Despite the Clippers' strong push, the Sixers kept it together and managed to push their lead back to 11, less two minutes into the quarter. From there, the Clippers were only able to get within three points, as the 76ers went on to their fifth home win of the season. Joel Embiid led Philadelphia with 41 points, 13 rebounds, four blocks and one assist, in 33 minutes. J.J. Redick followed up with 18 points, in 34 minutes off the bench, while Ben Simmons tallied 14 points, 11 assists, three rebounds and one steal. The Sixers shot 47 percent from the field, including 13 - of - 27 from long range. Meanwhile, Lou Williams led the Clippers with 26 points on 9 - of - 19 shooting, in 24 minutes off the bench. Danilo Gallinari followed up with 25 points, eight rebounds and one assist, in 35 minutes, while Tobias Harris added 24 points, eight rebounds, three assists and one block. The Clippers shot 44 percent from the field, including 9 - of - 23 from long range. The Clippers (4 - 4) will be right back in action, as they take on the Magic in Orlando on Friday. The 76ers (5 - 4) play host to the Pistons on Saturday."
6,4925,Joel Embiid,41,True,"The Philadelphia 76ers defeated the visiting Los Angeles Clippers, 122 - 113, at Wells Fargo Center on Thursday evening. The Sixers got out to a solid start at home, as they held the upper hand for the entire first quarter, before taking a 34 - 30 lead into the second. They took off in the second, as they quickly pushed their lead to 10, and went on to outscore the Clippers by 11 in the quarter, to take a 72 - 57 lead into halftime. However, the Clippers came out strong in the third, as they kicked off the quarter with an 11 - 4 run, to cut the gap to eight. They kept battling and managed to trim the deficit to just four points, as they trailed 90 - 86 heading into the final frame. Despite the Clippers' strong push, the Sixers kept it together and managed to push their lead back to 11, less two minutes into the quarter. From there, the Clippers were only able to get within three points, as the 76ers went on to their fifth home win of the season. Joel Embiid led Philadelphia with 41 points, 13 rebounds, four blocks and one assist, in 33 minutes. J.J. Redick followed up with 18 points, in 34 minutes off the bench, while Ben Simmons tallied 14 points, 11 assists, three rebounds and one steal. The Sixers shot 47 percent from the field, including 13 - of - 27 from long range. Meanwhile, Lou Williams led the Clippers with 26 points on 9 - of - 19 shooting, in 24 minutes off the bench. Danilo Gallinari followed up with 25 points, eight rebounds and one assist, in 35 minutes, while Tobias Harris added 24 points, eight rebounds, three assists and one block. The Clippers shot 44 percent from the field, including 9 - of - 23 from long range. The Clippers (4 - 4) will be right back in action, as they take on the Magic in Orlando on Friday. The 76ers (5 - 4) play host to the Pistons on Saturday."
7,4925,Joel Embiid,41,True,"The Philadelphia 76ers defeated the visiting Los Angeles Clippers, 122 - 113, at Wells Fargo Center on Thursday evening. The Sixers got out to a solid start at home, as they held the upper hand for the entire first quarter, before taking a 34 - 30 lead into the second. They took off in the second, as they quickly pushed their lead to 10, and went on to outscore the Clippers by 11 in the quarter, to take a 72 - 57 lead into halftime. However, the Clippers came out strong in the third, as they kicked off the quarter with an 11 - 4 run, to cut the gap to eight. They kept battling and managed to trim the deficit to just four points, as they trailed 90 - 86 heading into the final frame. Despite the Clippers' strong push, the Sixers kept it together and managed to push their lead back to 11, less two minutes into the quarter. From there, the Clippers were only able to get within three points, as the 76ers went on to their fifth home win of the season. Joel Embiid led Philadelphia with 41 points, 13 rebounds, four blocks and one assist, in 33 minutes. J.J. Redick followed up with 18 points, in 34 minutes off the bench, while Ben Simmons tallied 14 points, 11 assists, three rebounds and one steal. The Sixers shot 47 percent from the field, including 13 - of - 27 from long range. Meanwhile, Lou Williams led the Clippers with 26 points on 9 - of - 19 shooting, in 24 minutes off the bench. Danilo Gallinari followed up with 25 points, eight rebounds and one assist, in 35 minutes, while Tobias Harris added 24 points, eight rebounds, three assists and one block. The Clippers shot 44 percent from the field, including 9 - of - 23 from long range. The Clippers (4 - 4) will be right back in action, as they take on the Magic in Orlando on Friday. The 76ers (5 - 4) play host to the Pistons on Saturday."
8,4925,Joel Embiid,41,True,"The Philadelphia 76ers defeated the visiting Los Angeles Clippers, 122 - 113, at Wells Fargo Center on Thursday evening. The Sixers got out to a solid start at home, as they held the upper hand for the entire first quarter, before taking a 34 - 30 lead into the second. They took off in the second, as they quickly pushed their lead to 10, and went on to outscore the Clippers by 11 in the quarter, to take a 72 - 57 lead into halftime. However, the Clippers came out strong in the third, as they kicked off the quarter with an 11 - 4 run, to cut the gap to eight. They kept battling and managed to trim the deficit to just four points, as they trailed 90 - 86 heading into the final frame. Despite the Clippers' strong push, the Sixers kept it together and managed to push their lead back to 11, less two minutes into the quarter. From there, the Clippers were only able to get within three points, as the 76ers went on to their fifth home win of the season. Joel Embiid led Philadelphia with 41 points, 13 rebounds, four blocks and one assist, in 33 minutes. J.J. Redick followed up with 18 points, in 34 minutes off the bench, while Ben Simmons tallied 14 points, 11 assists, three rebounds and one steal. The Sixers shot 47 percent from the field, including 13 - of - 27 from long range. Meanwhile, Lou Williams led the Clippers with 26 points on 9 - of - 19 shooting, in 24 minutes off the bench. Danilo Gallinari followed up with 25 points, eight rebounds and one assist, in 35 minutes, while Tobias Harris added 24 points, eight rebounds, three assists and one block. The Clippers shot 44 percent from the field, including 9 - of - 23 from long range. The Clippers (4 - 4) will be right back in action, as they take on the Magic in Orlando on Friday. The 76ers (5 - 4) play host to the Pistons on Saturday."
9,4925,Joel Embiid,41,True,"The Philadelphia 76ers defeated the visiting Los Angeles Clippers, 122 - 113, at Wells Fargo Center on Thursday evening. The Sixers got out to a solid start at home, as they held the upper hand for the entire first quarter, before taking a 34 - 30 lead into the second. They took off in the second, as they quickly pushed their lead to 10, and went on to outscore the Clippers by 11 in the quarter, to take a 72 - 57 lead into halftime. However, the Clippers came out strong in the third, as they kicked off the quarter with an 11 - 4 run, to cut the gap to eight. They kept battling and managed to trim the deficit to just four points, as they trailed 90 - 86 heading into the final frame. Despite the Clippers' strong push, the Sixers kept it together and managed to push their lead back to 11, less two minutes into the quarter. From there, the Clippers were only able to get within three points, as the 76ers went on to their fifth home win of the season. Joel Embiid led Philadelphia with 41 points, 13 rebounds, four blocks and one assist, in 33 minutes. J.J. Redick followed up with 18 points, in 34 minutes off the bench, while Ben Simmons tallied 14 points, 11 assists, three rebounds and one steal. The Sixers shot 47 percent from the field, including 13 - of - 27 from long range. Meanwhile, Lou Williams led the Clippers with 26 points on 9 - of - 19 shooting, in 24 minutes off the bench. Danilo Gallinari followed up with 25 points, eight rebounds and one assist, in 35 minutes, while Tobias Harris added 24 points, eight rebounds, three assists and one block. The Clippers shot 44 percent from the field, including 9 - of - 23 from long range. The Clippers (4 - 4) will be right back in action, as they take on the Magic in Orlando on Friday. The 76ers (5 - 4) play host to the Pistons on Saturday."
10,4927,Joel Embiid,42,True,"The Philadelphia 76ers defeated the Charlotte Hornets, 133 - 132, in overtime at Wells Fargo Center on Friday evening. The 76ers (8 - 5) found themselves at the scene of the majority of their successes Friday, as they'd come into the contest with a perfect 60 record at home. After a nip - and - tuck first quarter, Philadelphia seemingly turned the game in their favor with a 32 - 17 advantage in the second period. To their credit, the Hornets (6 - 6) wouldn't go away, chipping away at their deficit until overcoming it in the fourth quarter. However after holding a five - point lead as late as the 1:18 mark of the final period, Charlotte allowed Philadelphia a 7 - 2 run at the end of regulation to force overtime. In a tightly contested extra period, a free throw apiece from Ben Simmons and Joel Embiid in the closing seconds helped create just enough cushion for the win. Kemba Walker paced the Hornets with 30 points and added nine assists, seven rebounds and one steal. Jeremy Lamb provided 17 points, three rebounds, one assist, two steals and one block. Dwayne Bacon supplied 15 points, one rebound, one assist and one steal. Willy Hernangomez delivered 14 points and four boards. Cody Zeller matched Hernangomez's scoring and rebounding totals, while Michael Kidd-Gilchrist generated a 12 - point, 12 - rebound double - double off the bench. Embiid led the Sixers with a 42 - point, 18 - rebound double - double that also included four assists and four blocks. Ben Simmons tallied a 22 - point, 13 - assist double - double that also included eight boards, three blocks and two steals. Dario Saric contributed 18 points, nine rebounds, two assists and one block. J.J. Redick finished with 17 points, four assists and two rebounds. Markelle Fultz and Robert Covington started but only had seven points each. The Hornets remain on the road and take on the Pistons on Sunday afternoon, while the 76ers pay a visit to the Memphis Grizzlies on Saturday night."
11,4927,Joel Embiid,42,True,"The Philadelphia 76ers defeated the Charlotte Hornets, 133 - 132, in overtime at Wells Fargo Center on Friday evening. The 76ers (8 - 5) found themselves at the scene of the majority of their successes Friday, as they'd come into the contest with a perfect 60 record at home. After a nip - and - tuck first quarter, Philadelphia seemingly turned the game in their favor with a 32 - 17 advantage in the second period. To their credit, the Hornets (6 - 6) wouldn't go away, chipping away at their deficit until overcoming it in the fourth quarter. However after holding a five - point lead as late as the 1:18 mark of the final period, Charlotte allowed Philadelphia a 7 - 2 run at the end of regulation to force overtime. In a tightly contested extra period, a free throw apiece from Ben Simmons and Joel Embiid in the closing seconds helped create just enough cushion for the win. Kemba Walker paced the Hornets with 30 points and added nine assists, seven rebounds and one steal. Jeremy Lamb provided 17 points, three rebounds, one assist, two steals and one block. Dwayne Bacon supplied 15 points, one rebound, one assist and one steal. Willy Hernangomez delivered 14 points and four boards. Cody Zeller matched Hernangomez's scoring and rebounding totals, while Michael Kidd-Gilchrist generated a 12 - point, 12 - rebound double - double off the bench. Embiid led the Sixers with a 42 - point, 18 - rebound double - double that also included four assists and four blocks. Ben Simmons tallied a 22 - point, 13 - assist double - double that also included eight boards, three blocks and two steals. Dario Saric contributed 18 points, nine rebounds, two assists and one block. J.J. Redick finished with 17 points, four assists and two rebounds. Markelle Fultz and Robert Covington started but only had seven points each. The Hornets remain on the road and take on the Pistons on Sunday afternoon, while the 76ers pay a visit to the Memphis Grizzlies on Saturday night."
12,4927,Joel Embiid,42,True,"The Philadelphia 76ers defeated the Charlotte Hornets, 133 - 132, in overtime at Wells Fargo Center on Friday evening. The 76ers (8 - 5) found themselves at the scene of the majority of their successes Friday, as they'd come into the contest with a perfect 60 record at home. After a nip - and - tuck first quarter, Philadelphia seemingly turned the game in their favor with a 32 - 17 advantage in the second period. To their credit, the Hornets (6 - 6) wouldn't go away, chipping away at their deficit until overcoming it in the fourth quarter. However after holding a five - point lead as late as the 1:18 mark of the final period, Charlotte allowed Philadelphia a 7 - 2 run at the end of regulation to force overtime. In a tightly contested extra period, a free throw apiece from Ben Simmons and Joel Embiid in the closing seconds helped create just enough cushion for the win. Kemba Walker paced the Hornets with 30 points and added nine assists, seven rebounds and one steal. Jeremy Lamb provided 17 points, three rebounds, one assist, two steals and one block. Dwayne Bacon supplied 15 points, one rebound, one assist and one steal. Willy Hernangomez delivered 14 points and four boards. Cody Zeller matched Hernangomez's scoring and rebounding totals, while Michael Kidd-Gilchrist generated a 12 - point, 12 - rebound double - double off the bench. Embiid led the Sixers with a 42 - point, 18 - rebound double - double that also included four assists and four blocks. Ben Simmons tallied a 22 - point, 13 - assist double - double that also included eight boards, three blocks and two steals. Dario Saric contributed 18 points, nine rebounds, two assists and one block. J.J. Redick finished with 17 points, four assists and two rebounds. Markelle Fultz and Robert Covington started but only had seven points each. The Hornets remain on the road and take on the Pistons on Sunday afternoon, while the 76ers pay a visit to the Memphis Grizzlies on Saturday night."
13,4927,Joel Embiid,42,True,"The Philadelphia 76ers defeated the Charlotte Hornets, 133 - 132, in overtime at Wells Fargo Center on Friday evening. The 76ers (8 - 5) found themselves at the scene of the majority of their successes Friday, as they'd come into the contest with a perfect 60 record at home. After a nip - and - tuck first quarter, Philadelphia seemingly turned the game in their favor with a 32 - 17 advantage in the second period. To their credit, the Hornets (6 - 6) wouldn't go away, chipping away at their deficit until overcoming it in the fourth quarter. However after holding a five - point lead as late as the 1:18 mark of the final period, Charlotte allowed Philadelphia a 7 - 2 run at the end of regulation to force overtime. In a tightly contested extra period, a free throw apiece from Ben Simmons and Joel Embiid in the closing seconds helped create just enough cushion for the win. Kemba Walker paced the Hornets with 30 points and added nine assists, seven rebounds and one steal. Jeremy Lamb provided 17 points, three rebounds, one assist, two steals and one block. Dwayne Bacon supplied 15 points, one rebound, one assist and one steal. Willy Hernangomez delivered 14 points and four boards. Cody Zeller matched Hernangomez's scoring and rebounding totals, while Michael Kidd-Gilchrist generated a 12 - point, 12 - rebound double - double off the bench. Embiid led the Sixers with a 42 - point, 18 - rebound double - double that also included four assists and four blocks. Ben Simmons tallied a 22 - point, 13 - assist double - double that also included eight boards, three blocks and two steals. Dario Saric contributed 18 points, nine rebounds, two assists and one block. J.J. Redick finished with 17 points, four assists and two rebounds. Markelle Fultz and Robert Covington started but only had seven points each. The Hornets remain on the road and take on the Pistons on Sunday afternoon, while the 76ers pay a visit to the Memphis Grizzlies on Saturday night."
14,4927,Joel Embiid,42,True,"The Philadelphia 76ers defeated the Charlotte Hornets, 133 - 132, in overtime at Wells Fargo Center on Friday evening. The 76ers (8 - 5) found themselves at the scene of the majority of their successes Friday, as they'd come into the contest with a perfect 60 record at home. After a nip - and - tuck first quarter, Philadelphia seemingly turned the game in their favor with a 32 - 17 advantage in the second period. To their credit, the Hornets (6 - 6) wouldn't go away, chipping away at their deficit until overcoming it in the fourth quarter. However after holding a five - point lead as late as the 1:18 mark of the final period, Charlotte allowed Philadelphia a 7 - 2 run at the end of regulation to force overtime. In a tightly contested extra period, a free throw apiece from Ben Simmons and Joel Embiid in the closing seconds helped create just enough cushion for the win. Kemba Walker paced the Hornets with 30 points and added nine assists, seven rebounds and one steal. Jeremy Lamb provided 17 points, three rebounds, one assist, two steals and one block. Dwayne Bacon supplied 15 points, one rebound, one assist and one steal. Willy Hernangomez delivered 14 points and four boards. Cody Zeller matched Hernangomez's scoring and rebounding totals, while Michael Kidd-Gilchrist generated a 12 - point, 12 - rebound double - double off the bench. Embiid led the Sixers with a 42 - point, 18 - rebound double - double that also included four assists and four blocks. Ben Simmons tallied a 22 - point, 13 - assist double - double that also included eight boards, three blocks and two steals. Dario Saric contributed 18 points, nine rebounds, two assists and one block. J.J. Redick finished with 17 points, four assists and two rebounds. Markelle Fultz and Robert Covington started but only had seven points each. The Hornets remain on the road and take on the Pistons on Sunday afternoon, while the 76ers pay a visit to the Memphis Grizzlies on Saturday night."
15,4930,Joel Embiid,31,True,"The Philadelphia 76ers defeated the visiting New Orleans Pelicans, 121 - 120, at Wells Fargo Center on Wednesday evening. The 76ers got out to a great start at home, as they outscored the Pelicans, 38 - 23, in the first quarter. The Pelicans made a push to start the second and quickly cut the gap to just three points. However, the home team was able to withstand, as the Sixers built their lead back up to double digits, and took a 67 - 57 lead into halftime. The third quarter was evenly matched, as neither team gave up any ground. The Pelicans led 96 - 87 heading into the final frame. The 76ers pushed their lead to 15 early in the fourth, but the Pelicans did not break, as the rallied back to make it a one - point game, with one minute remaining. Despite the visitor's best effort, the 76ers managed to stay one step ahead in crunch time, to pull off the impressive, 121 - 120, home win. This marks the fourth straight win for Philly. Joel Embiid led the 76ers with 31 points, 19 rebounds, two assists and two blocks, in 32 minutes. Ben Simmons followed up with 22 points, eight rebounds, seven assists, two blocks and one steal, in 35 minutes. Jimmy Butler and J.J. Redick chipped in 13 points each. The Sixers shot 45 percent from the field, including 10 - of - 29 from long range. Meanwhile, Jrue Holiday and E'Twaun Moore poured in 30 points each for the Pelicans. Julius Randle came up large as well, with 22 points, 10 rebounds, three assists and one block, in 28 minutes off the bench. The Pelicans (10 - 8) will look to bounce back as they take on the Knicks in New York on Friday. The 76ers (13 - 7) play host to the Cavs on Friday."
16,4930,Joel Embiid,31,True,"The Philadelphia 76ers defeated the visiting New Orleans Pelicans, 121 - 120, at Wells Fargo Center on Wednesday evening. The 76ers got out to a great start at home, as they outscored the Pelicans, 38 - 23, in the first quarter. The Pelicans made a push to start the second and quickly cut the gap to just three points. However, the home team was able to withstand, as the Sixers built their lead back up to double digits, and took a 67 - 57 lead into halftime. The third quarter was evenly matched, as neither team gave up any ground. The Pelicans led 96 - 87 heading into the final frame. The 76ers pushed their lead to 15 early in the fourth, but the Pelicans did not break, as the rallied back to make it a one - point game, with one minute remaining. Despite the visitor's best effort, the 76ers managed to stay one step ahead in crunch time, to pull off the impressive, 121 - 120, home win. This marks the fourth straight win for Philly. Joel Embiid led the 76ers with 31 points, 19 rebounds, two assists and two blocks, in 32 minutes. Ben Simmons followed up with 22 points, eight rebounds, seven assists, two blocks and one steal, in 35 minutes. Jimmy Butler and J.J. Redick chipped in 13 points each. The Sixers shot 45 percent from the field, including 10 - of - 29 from long range. Meanwhile, Jrue Holiday and E'Twaun Moore poured in 30 points each for the Pelicans. Julius Randle came up large as well, with 22 points, 10 rebounds, three assists and one block, in 28 minutes off the bench. The Pelicans (10 - 8) will look to bounce back as they take on the Knicks in New York on Friday. The 76ers (13 - 7) play host to the Cavs on Friday."
17,4930,Joel Embiid,31,True,"The Philadelphia 76ers defeated the visiting New Orleans Pelicans, 121 - 120, at Wells Fargo Center on Wednesday evening. The 76ers got out to a great start at home, as they outscored the Pelicans, 38 - 23, in the first quarter. The Pelicans made a push to start the second and quickly cut the gap to just three points. However, the home team was able to withstand, as the Sixers built their lead back up to double digits, and took a 67 - 57 lead into halftime. The third quarter was evenly matched, as neither team gave up any ground. The Pelicans led 96 - 87 heading into the final frame. The 76ers pushed their lead to 15 early in the fourth, but the Pelicans did not break, as the rallied back to make it a one - point game, with one minute remaining. Despite the visitor's best effort, the 76ers managed to stay one step ahead in crunch time, to pull off the impressive, 121 - 120, home win. This marks the fourth straight win for Philly. Joel Embiid led the 76ers with 31 points, 19 rebounds, two assists and two blocks, in 32 minutes. Ben Simmons followed up with 22 points, eight rebounds, seven assists, two blocks and one steal, in 35 minutes. Jimmy Butler and J.J. Redick chipped in 13 points each. The Sixers shot 45 percent from the field, including 10 - of - 29 from long range. Meanwhile, Jrue Holiday and E'Twaun Moore poured in 30 points each for the Pelicans. Julius Randle came up large as well, with 22 points, 10 rebounds, three assists and one block, in 28 minutes off the bench. The Pelicans (10 - 8) will look to bounce back as they take on the Knicks in New York on Friday. The 76ers (13 - 7) play host to the Cavs on Friday."
18,4930,Joel Embiid,31,True,"The Philadelphia 76ers defeated the visiting New Orleans Pelicans, 121 - 120, at Wells Fargo Center on Wednesday evening. The 76ers got out to a great start at home, as they outscored the Pelicans, 38 - 23, in the first quarter. The Pelicans made a push to start the second and quickly cut the gap to just three points. However, the home team was able to withstand, as the Sixers built their lead back up to double digits, and took a 67 - 57 lead into halftime. The third quarter was evenly matched, as neither team gave up any ground. The Pelicans led 96 - 87 heading into the final frame. The 76ers pushed their lead to 15 early in the fourth, but the Pelicans did not break, as the rallied back to make it a one - point game, with one minute remaining. Despite the visitor's best effort, the 76ers managed to stay one step ahead in crunch time, to pull off the impressive, 121 - 120, home win. This marks the fourth straight win for Philly. Joel Embiid led the 76ers with 31 points, 19 rebounds, two assists and two blocks, in 32 minutes. Ben Simmons followed up with 22 points, eight rebounds, seven assists, two blocks and one steal, in 35 minutes. Jimmy Butler and J.J. Redick chipped in 13 points each. The Sixers shot 45 percent from the field, including 10 - of - 29 from long range. Meanwhile, Jrue Holiday and E'Twaun Moore poured in 30 points each for the Pelicans. Julius Randle came up large as well, with 22 points, 10 rebounds, three assists and one block, in 28 minutes off the bench. The Pelicans (10 - 8) will look to bounce back as they take on the Knicks in New York on Friday. The 76ers (13 - 7) play host to the Cavs on Friday."
19,4930,Joel Embiid,31,True,"The Philadelphia 76ers defeated the visiting New Orleans Pelicans, 121 - 120, at Wells Fargo Center on Wednesday evening. The 76ers got out to a great start at home, as they outscored the Pelicans, 38 - 23, in the first quarter. The Pelicans made a push to start the second and quickly cut the gap to just three points. However, the home team was able to withstand, as the Sixers built their lead back up to double digits, and took a 67 - 57 lead into halftime. The third quarter was evenly matched, as neither team gave up any ground. The Pelicans led 96 - 87 heading into the final frame. The 76ers pushed their lead to 15 early in the fourth, but the Pelicans did not break, as the rallied back to make it a one - point game, with one minute remaining. Despite the visitor's best effort, the 76ers managed to stay one step ahead in crunch time, to pull off the impressive, 121 - 120, home win. This marks the fourth straight win for Philly. Joel Embiid led the 76ers with 31 points, 19 rebounds, two assists and two blocks, in 32 minutes. Ben Simmons followed up with 22 points, eight rebounds, seven assists, two blocks and one steal, in 35 minutes. Jimmy Butler and J.J. Redick chipped in 13 points each. The Sixers shot 45 percent from the field, including 10 - of - 29 from long range. Meanwhile, Jrue Holiday and E'Twaun Moore poured in 30 points each for the Pelicans. Julius Randle came up large as well, with 22 points, 10 rebounds, three assists and one block, in 28 minutes off the bench. The Pelicans (10 - 8) will look to bounce back as they take on the Knicks in New York on Friday. The 76ers (13 - 7) play host to the Cavs on Friday."
