,sportsett_id,player_name,assists,max_assists,summary
0,4921,Ben Simmons,11,True,"The Philadelphia 76ers defeated the visiting Chicago Bulls, 127 - 108, at Wells Fargo Center on Thursday evening. Both teams came out strong in the first quarter but the Bulls held the advantage, leading 41 - 38, heading into the second. However, the Sixers bounced back in the second, where they outscored the Bulls, 27 - 17, to take a 65 - 58 lead heading into halftime. The Sixers came out in domination mode in the third and outscored the Bulls, 37 - 18, to take a 102 - 76 lead heading into the fourth. The Bulls put up a fight in the fourth but the 76ers were able to cruise to their first win of the season without a problem. Joel Embiid led the 76ers with 30 points on 9 - of - 14 shooting, in 33 minutes of action. Ben Simmons put up big numbers with 13 points, 13 rebounds, 11 assists, two blocks and one steal, in 34 minutes. Robert Covington finished with 20 points, five rebounds, two assists, two steals and a block, in 29 minutes. The Sixers shot 48 percent from the field, including 12 - of - 36 from long range. Meanwhile, Zach LaVine led the Bulls with 30 points on 11 - of - 20 shooting, six rebounds, three assists and one block, in 33 minutes of action. Bobby Portis followed up with 20 points, 10 rebounds, two assists and two steals, while Antonio Blakeney added 15 points, five rebounds and two assists. The Bulls shot 44 percent from the field, including 11 - of - 33 from long range. The Bulls (0 - 1) look to bounce back as they play host to the Pistons on Saturday. The Sixers (1 - 1) play host to the 76ers on Saturday."
1,4921,Ben Simmons,11,True,"The Philadelphia 76ers defeated the visiting Chicago Bulls, 127 - 108, at Wells Fargo Center on Thursday evening. Both teams came out strong in the first quarter but the Bulls held the advantage, leading 41 - 38, heading into the second. However, the Sixers bounced back in the second, where they outscored the Bulls, 27 - 17, to take a 65 - 58 lead heading into halftime. The Sixers came out in domination mode in the third and outscored the Bulls, 37 - 18, to take a 102 - 76 lead heading into the fourth. The Bulls put up a fight in the fourth but the 76ers were able to cruise to their first win of the season without a problem. Joel Embiid led the 76ers with 30 points on 9 - of - 14 shooting, in 33 minutes of action. Ben Simmons put up big numbers with 13 points, 13 rebounds, 11 assists, two blocks and one steal, in 34 minutes. Robert Covington finished with 20 points, five rebounds, two assists, two steals and a block, in 29 minutes. The Sixers shot 48 percent from the field, including 12 - of - 36 from long range. Meanwhile, Zach LaVine led the Bulls with 30 points on 11 - of - 20 shooting, six rebounds, three assists and one block, in 33 minutes of action. Bobby Portis followed up with 20 points, 10 rebounds, two assists and two steals, while Antonio Blakeney added 15 points, five rebounds and two assists. The Bulls shot 44 percent from the field, including 11 - of - 33 from long range. The Bulls (0 - 1) look to bounce back as they play host to the Pistons on Saturday. The Sixers (1 - 1) play host to the 76ers on Saturday."
2,4924,Ben Simmons,9,True,"The Philadelphia 76ers defeated the Atlanta Hawks, 113 - 92, at Wells Fargo Center on Monday night. The 76ers (4 - 3) kept their undefeated run at home alive with a convincing win over the Hawks (2 - 4), as Atlanta fought hard but ultimately didn't have enough in them to battle with Philadelphia. In fact, Atlanta won the first quarter 25 - 20, but Philadelphia evened things up with a 27 - 22 second quarter that kept the score tied at 47 after the first two quarters. Philadelphia showed a bit of their playoff form last season with an impressive 31 - 13 third quarter, and they later closed things out with a 35 - 32 fourth quarter. Without a doubt, it was a strong showing from the Sixers and now they move up to 40 at home. Ben Simmons was the star of the game for Philadelphia and he came one assist short of a triple - double thanks to a 21 - point, 12 - rebound, nine - assist stat line, while Joel Embiid registered 10 points, six rebounds, six assists and two blocks. Markelle Fultz chipped in with 16 points and seven assists, Robert Covington added 11 points with six rebounds, and three bench players reached the 10 - point mark: J.J. Redick (14), Mike Muscala (14) and Landry Shamet (13). Kent Bazemore had 18 points to led all players for the Hawks, while rookie point guard Trae Young contributed with 11 points and eight assists. Dewayne Dedmon and Omari Spellman each chipped in with 11 points coming off the bench for the Hawks. All 13 Atlanta players scored, but only four reached the 10 - point mark."
3,4924,Ben Simmons,9,True,"The Philadelphia 76ers defeated the Atlanta Hawks, 113 - 92, at Wells Fargo Center on Monday night. The 76ers (4 - 3) kept their undefeated run at home alive with a convincing win over the Hawks (2 - 4), as Atlanta fought hard but ultimately didn't have enough in them to battle with Philadelphia. In fact, Atlanta won the first quarter 25 - 20, but Philadelphia evened things up with a 27 - 22 second quarter that kept the score tied at 47 after the first two quarters. Philadelphia showed a bit of their playoff form last season with an impressive 31 - 13 third quarter, and they later closed things out with a 35 - 32 fourth quarter. Without a doubt, it was a strong showing from the Sixers and now they move up to 40 at home. Ben Simmons was the star of the game for Philadelphia and he came one assist short of a triple - double thanks to a 21 - point, 12 - rebound, nine - assist stat line, while Joel Embiid registered 10 points, six rebounds, six assists and two blocks. Markelle Fultz chipped in with 16 points and seven assists, Robert Covington added 11 points with six rebounds, and three bench players reached the 10 - point mark: J.J. Redick (14), Mike Muscala (14) and Landry Shamet (13). Kent Bazemore had 18 points to led all players for the Hawks, while rookie point guard Trae Young contributed with 11 points and eight assists. Dewayne Dedmon and Omari Spellman each chipped in with 11 points coming off the bench for the Hawks. All 13 Atlanta players scored, but only four reached the 10 - point mark."
4,4925,Ben Simmons,11,True,"The Philadelphia 76ers defeated the visiting Los Angeles Clippers, 122 - 113, at Wells Fargo Center on Thursday evening. The Sixers got out to a solid start at home, as they held the upper hand for the entire first quarter, before taking a 34 - 30 lead into the second. They took off in the second, as they quickly pushed their lead to 10, and went on to outscore the Clippers by 11 in the quarter, to take a 72 - 57 lead into halftime. However, the Clippers came out strong in the third, as they kicked off the quarter with an 11 - 4 run, to cut the gap to eight. They kept battling and managed to trim the deficit to just four points, as they trailed 90 - 86 heading into the final frame. Despite the Clippers' strong push, the Sixers kept it together and managed to push their lead back to 11, less two minutes into the quarter. From there, the Clippers were only able to get within three points, as the 76ers went on to their fifth home win of the season. Joel Embiid led Philadelphia with 41 points, 13 rebounds, four blocks and one assist, in 33 minutes. J.J. Redick followed up with 18 points, in 34 minutes off the bench, while Ben Simmons tallied 14 points, 11 assists, three rebounds and one steal. The Sixers shot 47 percent from the field, including 13 - of - 27 from long range. Meanwhile, Lou Williams led the Clippers with 26 points on 9 - of - 19 shooting, in 24 minutes off the bench. Danilo Gallinari followed up with 25 points, eight rebounds and one assist, in 35 minutes, while Tobias Harris added 24 points, eight rebounds, three assists and one block. The Clippers shot 44 percent from the field, including 9 - of - 23 from long range. The Clippers (4 - 4) will be right back in action, as they take on the Magic in Orlando on Friday. The 76ers (5 - 4) play host to the Pistons on Saturday."
5,4925,Ben Simmons,11,True,"The Philadelphia 76ers defeated the visiting Los Angeles Clippers, 122 - 113, at Wells Fargo Center on Thursday evening. The Sixers got out to a solid start at home, as they held the upper hand for the entire first quarter, before taking a 34 - 30 lead into the second. They took off in the second, as they quickly pushed their lead to 10, and went on to outscore the Clippers by 11 in the quarter, to take a 72 - 57 lead into halftime. However, the Clippers came out strong in the third, as they kicked off the quarter with an 11 - 4 run, to cut the gap to eight. They kept battling and managed to trim the deficit to just four points, as they trailed 90 - 86 heading into the final frame. Despite the Clippers' strong push, the Sixers kept it together and managed to push their lead back to 11, less two minutes into the quarter. From there, the Clippers were only able to get within three points, as the 76ers went on to their fifth home win of the season. Joel Embiid led Philadelphia with 41 points, 13 rebounds, four blocks and one assist, in 33 minutes. J.J. Redick followed up with 18 points, in 34 minutes off the bench, while Ben Simmons tallied 14 points, 11 assists, three rebounds and one steal. The Sixers shot 47 percent from the field, including 13 - of - 27 from long range. Meanwhile, Lou Williams led the Clippers with 26 points on 9 - of - 19 shooting, in 24 minutes off the bench. Danilo Gallinari followed up with 25 points, eight rebounds and one assist, in 35 minutes, while Tobias Harris added 24 points, eight rebounds, three assists and one block. The Clippers shot 44 percent from the field, including 9 - of - 23 from long range. The Clippers (4 - 4) will be right back in action, as they take on the Magic in Orlando on Friday. The 76ers (5 - 4) play host to the Pistons on Saturday."
6,4927,Ben Simmons,13,True,"The Philadelphia 76ers defeated the Charlotte Hornets, 133 - 132, in overtime at Wells Fargo Center on Friday evening. The 76ers (8 - 5) found themselves at the scene of the majority of their successes Friday, as they'd come into the contest with a perfect 60 record at home. After a nip - and - tuck first quarter, Philadelphia seemingly turned the game in their favor with a 32 - 17 advantage in the second period. To their credit, the Hornets (6 - 6) wouldn't go away, chipping away at their deficit until overcoming it in the fourth quarter. However after holding a five - point lead as late as the 1:18 mark of the final period, Charlotte allowed Philadelphia a 7 - 2 run at the end of regulation to force overtime. In a tightly contested extra period, a free throw apiece from Ben Simmons and Joel Embiid in the closing seconds helped create just enough cushion for the win. Kemba Walker paced the Hornets with 30 points and added nine assists, seven rebounds and one steal. Jeremy Lamb provided 17 points, three rebounds, one assist, two steals and one block. Dwayne Bacon supplied 15 points, one rebound, one assist and one steal. Willy Hernangomez delivered 14 points and four boards. Cody Zeller matched Hernangomez's scoring and rebounding totals, while Michael Kidd-Gilchrist generated a 12 - point, 12 - rebound double - double off the bench. Embiid led the Sixers with a 42 - point, 18 - rebound double - double that also included four assists and four blocks. Ben Simmons tallied a 22 - point, 13 - assist double - double that also included eight boards, three blocks and two steals. Dario Saric contributed 18 points, nine rebounds, two assists and one block. J.J. Redick finished with 17 points, four assists and two rebounds. Markelle Fultz and Robert Covington started but only had seven points each. The Hornets remain on the road and take on the Pistons on Sunday afternoon, while the 76ers pay a visit to the Memphis Grizzlies on Saturday night."
7,4927,Ben Simmons,13,True,"The Philadelphia 76ers defeated the Charlotte Hornets, 133 - 132, in overtime at Wells Fargo Center on Friday evening. The 76ers (8 - 5) found themselves at the scene of the majority of their successes Friday, as they'd come into the contest with a perfect 60 record at home. After a nip - and - tuck first quarter, Philadelphia seemingly turned the game in their favor with a 32 - 17 advantage in the second period. To their credit, the Hornets (6 - 6) wouldn't go away, chipping away at their deficit until overcoming it in the fourth quarter. However after holding a five - point lead as late as the 1:18 mark of the final period, Charlotte allowed Philadelphia a 7 - 2 run at the end of regulation to force overtime. In a tightly contested extra period, a free throw apiece from Ben Simmons and Joel Embiid in the closing seconds helped create just enough cushion for the win. Kemba Walker paced the Hornets with 30 points and added nine assists, seven rebounds and one steal. Jeremy Lamb provided 17 points, three rebounds, one assist, two steals and one block. Dwayne Bacon supplied 15 points, one rebound, one assist and one steal. Willy Hernangomez delivered 14 points and four boards. Cody Zeller matched Hernangomez's scoring and rebounding totals, while Michael Kidd-Gilchrist generated a 12 - point, 12 - rebound double - double off the bench. Embiid led the Sixers with a 42 - point, 18 - rebound double - double that also included four assists and four blocks. Ben Simmons tallied a 22 - point, 13 - assist double - double that also included eight boards, three blocks and two steals. Dario Saric contributed 18 points, nine rebounds, two assists and one block. J.J. Redick finished with 17 points, four assists and two rebounds. Markelle Fultz and Robert Covington started but only had seven points each. The Hornets remain on the road and take on the Pistons on Sunday afternoon, while the 76ers pay a visit to the Memphis Grizzlies on Saturday night."
8,4928,Ben Simmons,8,True,"The Philadelphia 76ers defeated the Utah Jazz, 113 - 107, at Wells Fargo Center on Friday evening. It was a tale of two quarters in the first half for the 76ers (10 - 7), which exploded out of the gates for a 38 - point haul over the first 12 minutes. However, as prolific as Philadelphia was in the first quarter, they had as much trouble finding the net in the second. posting only 16 points. That was the extent of their scoring drought, though, as the home squad was able to outpace the Jazz (7 - 8) by a 59 - 55 margin in the second half. The game was not won without several scares in the final period, as Utah held a 107 - 105 lead as late as the 1:37 mark of the fourth quarter before the Big Three of Ben Simmons, Jimmy Butler and Joel Embiid notched the final six points to seal the win. Donovan Mitchell paced the Jazz with 31 points, a total he supplemented with two rebounds, four steals and one block. Joe Ingles provided 14 points, two rebounds, two assists, three steals and one block. Ricky Rubio and Derrick Favors generated matching 13 - point efforts. Rudy Gobert contributed a 12 - point, 10 - rebound double - double. Butler paced the Sixers with 28 points, a total he supplemented with seven assists, three rebounds and two steals. Embiid delivered 23 points, seven rebounds, two assists, three blocks and two steals. J.J. Redick poured in 16 points. Simmons pitched in a full stat line of 10 points, eight rebounds, eight assists, one steal and one block. Amir Johnson led the second unit with 11 points. The Jazz remain on the road and pay a visit to the Boston Celtics on Saturday evening. The Sixers also hit the road and tangle with the Charlotte Hornets on Saturday night as well."
9,4928,Ben Simmons,8,True,"The Philadelphia 76ers defeated the Utah Jazz, 113 - 107, at Wells Fargo Center on Friday evening. It was a tale of two quarters in the first half for the 76ers (10 - 7), which exploded out of the gates for a 38 - point haul over the first 12 minutes. However, as prolific as Philadelphia was in the first quarter, they had as much trouble finding the net in the second. posting only 16 points. That was the extent of their scoring drought, though, as the home squad was able to outpace the Jazz (7 - 8) by a 59 - 55 margin in the second half. The game was not won without several scares in the final period, as Utah held a 107 - 105 lead as late as the 1:37 mark of the fourth quarter before the Big Three of Ben Simmons, Jimmy Butler and Joel Embiid notched the final six points to seal the win. Donovan Mitchell paced the Jazz with 31 points, a total he supplemented with two rebounds, four steals and one block. Joe Ingles provided 14 points, two rebounds, two assists, three steals and one block. Ricky Rubio and Derrick Favors generated matching 13 - point efforts. Rudy Gobert contributed a 12 - point, 10 - rebound double - double. Butler paced the Sixers with 28 points, a total he supplemented with seven assists, three rebounds and two steals. Embiid delivered 23 points, seven rebounds, two assists, three blocks and two steals. J.J. Redick poured in 16 points. Simmons pitched in a full stat line of 10 points, eight rebounds, eight assists, one steal and one block. Amir Johnson led the second unit with 11 points. The Jazz remain on the road and pay a visit to the Boston Celtics on Saturday evening. The Sixers also hit the road and tangle with the Charlotte Hornets on Saturday night as well."
10,4929,Ben Simmons,9,True,"The Philadelphia 76ers defeated the Phoenix Suns, 119 - 114, at Wells Fargo Center on Monday evening. The 76ers (12 - 7) likely walked into Monday's home game feeling pretty good about themselves, and more specifically, their chances of cruising through an interconference contest against the struggling Suns (3 - 13), which had failed to win a road game in six tries. Philadelphia got an early wake - up call, as Phoenix jumped out to a 36 - 26 first - quarter lead. The visitors still held an advantage at halftime, albeit by just five points. The Sixers were able to eradicate their deficit in convincing fashion in the third and entered the final 12 minutes with a 92 - 86 edge. That would prove to be enough, although the Suns got as close 117 - 114 with 6 seconds remaining after a Mikal Bridges three - pointer. Phoenix kept the pressure on their hosts with a 51 percent success rate from the field, but they were outrebounded by a 53 - 31 margin. Devin Booker paced the Suns with 37 points, a total he supplemented with eight assists and three rebounds. T.J. Warren followed with 21 points, four rebounds, four assists and one block. Deandre Ayton posted 17 points, nine rebounds, one assist and one steal. Bridges finished with 13 points, while Trevor Ariza filled out the stat sheet with 10 points, seven rebounds, five assists, three steals and one block. Richaun Holmes matched Ariza's point total while leading the bench. Joel Embiid led the 76ers with a 33 - point, 17 - rebound double - double that also included one assist, three steals and one block. Ben Simmons had a near triple - double with 19 points, 11 rebounds, nine assists and one steal. Mike Muscala matched Simmons' point total to lead the second unit. J.J. Redick poured in 17 points and added four rebounds and three assists. Jimmy Butler contributed 16 points, three rebounds, one assist and two steals. The Suns remain on the road and visit the Chicago Bulls on Wednesday'night, while the Sixers remain home and face the New Orleans Pelicans on that same evening."
11,4929,Ben Simmons,9,True,"The Philadelphia 76ers defeated the Phoenix Suns, 119 - 114, at Wells Fargo Center on Monday evening. The 76ers (12 - 7) likely walked into Monday's home game feeling pretty good about themselves, and more specifically, their chances of cruising through an interconference contest against the struggling Suns (3 - 13), which had failed to win a road game in six tries. Philadelphia got an early wake - up call, as Phoenix jumped out to a 36 - 26 first - quarter lead. The visitors still held an advantage at halftime, albeit by just five points. The Sixers were able to eradicate their deficit in convincing fashion in the third and entered the final 12 minutes with a 92 - 86 edge. That would prove to be enough, although the Suns got as close 117 - 114 with 6 seconds remaining after a Mikal Bridges three - pointer. Phoenix kept the pressure on their hosts with a 51 percent success rate from the field, but they were outrebounded by a 53 - 31 margin. Devin Booker paced the Suns with 37 points, a total he supplemented with eight assists and three rebounds. T.J. Warren followed with 21 points, four rebounds, four assists and one block. Deandre Ayton posted 17 points, nine rebounds, one assist and one steal. Bridges finished with 13 points, while Trevor Ariza filled out the stat sheet with 10 points, seven rebounds, five assists, three steals and one block. Richaun Holmes matched Ariza's point total while leading the bench. Joel Embiid led the 76ers with a 33 - point, 17 - rebound double - double that also included one assist, three steals and one block. Ben Simmons had a near triple - double with 19 points, 11 rebounds, nine assists and one steal. Mike Muscala matched Simmons' point total to lead the second unit. J.J. Redick poured in 17 points and added four rebounds and three assists. Jimmy Butler contributed 16 points, three rebounds, one assist and two steals. The Suns remain on the road and visit the Chicago Bulls on Wednesday'night, while the Sixers remain home and face the New Orleans Pelicans on that same evening."
12,4930,Ben Simmons,7,True,"The Philadelphia 76ers defeated the visiting New Orleans Pelicans, 121 - 120, at Wells Fargo Center on Wednesday evening. The 76ers got out to a great start at home, as they outscored the Pelicans, 38 - 23, in the first quarter. The Pelicans made a push to start the second and quickly cut the gap to just three points. However, the home team was able to withstand, as the Sixers built their lead back up to double digits, and took a 67 - 57 lead into halftime. The third quarter was evenly matched, as neither team gave up any ground. The Pelicans led 96 - 87 heading into the final frame. The 76ers pushed their lead to 15 early in the fourth, but the Pelicans did not break, as the rallied back to make it a one - point game, with one minute remaining. Despite the visitor's best effort, the 76ers managed to stay one step ahead in crunch time, to pull off the impressive, 121 - 120, home win. This marks the fourth straight win for Philly. Joel Embiid led the 76ers with 31 points, 19 rebounds, two assists and two blocks, in 32 minutes. Ben Simmons followed up with 22 points, eight rebounds, seven assists, two blocks and one steal, in 35 minutes. Jimmy Butler and J.J. Redick chipped in 13 points each. The Sixers shot 45 percent from the field, including 10 - of - 29 from long range. Meanwhile, Jrue Holiday and E'Twaun Moore poured in 30 points each for the Pelicans. Julius Randle came up large as well, with 22 points, 10 rebounds, three assists and one block, in 28 minutes off the bench. The Pelicans (10 - 8) will look to bounce back as they take on the Knicks in New York on Friday. The 76ers (13 - 7) play host to the Cavs on Friday."
13,4930,Ben Simmons,7,True,"The Philadelphia 76ers defeated the visiting New Orleans Pelicans, 121 - 120, at Wells Fargo Center on Wednesday evening. The 76ers got out to a great start at home, as they outscored the Pelicans, 38 - 23, in the first quarter. The Pelicans made a push to start the second and quickly cut the gap to just three points. However, the home team was able to withstand, as the Sixers built their lead back up to double digits, and took a 67 - 57 lead into halftime. The third quarter was evenly matched, as neither team gave up any ground. The Pelicans led 96 - 87 heading into the final frame. The 76ers pushed their lead to 15 early in the fourth, but the Pelicans did not break, as the rallied back to make it a one - point game, with one minute remaining. Despite the visitor's best effort, the 76ers managed to stay one step ahead in crunch time, to pull off the impressive, 121 - 120, home win. This marks the fourth straight win for Philly. Joel Embiid led the 76ers with 31 points, 19 rebounds, two assists and two blocks, in 32 minutes. Ben Simmons followed up with 22 points, eight rebounds, seven assists, two blocks and one steal, in 35 minutes. Jimmy Butler and J.J. Redick chipped in 13 points each. The Sixers shot 45 percent from the field, including 10 - of - 29 from long range. Meanwhile, Jrue Holiday and E'Twaun Moore poured in 30 points each for the Pelicans. Julius Randle came up large as well, with 22 points, 10 rebounds, three assists and one block, in 28 minutes off the bench. The Pelicans (10 - 8) will look to bounce back as they take on the Knicks in New York on Friday. The 76ers (13 - 7) play host to the Cavs on Friday."
14,4933,Ben Simmons,10,True,"The Philadelphia 76ers defeated the Washington Wizards, 123 - 98, at Wells Fargo Center on Friday evening. The 76ers (16 - 8) set the tone early for what would be a comfortable victory, establishing a 31 - 19 first - quarter lead that had grown to 68 - 46 by halftime. Philadelphia had no trouble maintaining a sizable advantage in the second half over the reeling Wizards (8 - 14), who were playing without Otto Porter, Jr. (personal). The Sixers limited Washington to 40 percent shooting (including 29 percent from three - point range) while winning the rebounding battle by a 58 - 42 margin. Bradley Beal led the Wizards with 19 points. Austin Rivers followed with a bench - leading 15 points and also offered two rebounds, one assist, one steal and one block. Thomas Bryant drew a start at center and posted 12 points, seven rebounds. one steal and one block. John Wall got off to a slow start and never recovered, tallying 11 points, seven assists, three rebounds and three steals. Philadelphia saw seven players hit double digits in the scoring column, with Joel Embiid leading the way. The big man posted a 16 - point, 15 - rebound double - double that also included three blocks. T.J. McConnell was next with a bench - leading 15 points. J.J. Redick poured in 14 points. Ben Simmons managed a 13 - point, 10 - assist double - double that also included eight rebounds. Furkan Korkmaz supplied 13 points, five assists, two rebounds and one steal. Landry Shamet turned in 12 points, four rebounds, two assists and one steal. Mike Muscala matched Shamet's scoring total and pulled down 10 rebounds. Jimmy Butler collected 11 points, seven rebounds, four assists and four steals. The Wizards head back home and face the Brooklyn Nets on Saturday evening, while the Sixers remain home to take on the Memphis Grizzlies on Sunday evening."
15,4933,Ben Simmons,10,True,"The Philadelphia 76ers defeated the Washington Wizards, 123 - 98, at Wells Fargo Center on Friday evening. The 76ers (16 - 8) set the tone early for what would be a comfortable victory, establishing a 31 - 19 first - quarter lead that had grown to 68 - 46 by halftime. Philadelphia had no trouble maintaining a sizable advantage in the second half over the reeling Wizards (8 - 14), who were playing without Otto Porter, Jr. (personal). The Sixers limited Washington to 40 percent shooting (including 29 percent from three - point range) while winning the rebounding battle by a 58 - 42 margin. Bradley Beal led the Wizards with 19 points. Austin Rivers followed with a bench - leading 15 points and also offered two rebounds, one assist, one steal and one block. Thomas Bryant drew a start at center and posted 12 points, seven rebounds. one steal and one block. John Wall got off to a slow start and never recovered, tallying 11 points, seven assists, three rebounds and three steals. Philadelphia saw seven players hit double digits in the scoring column, with Joel Embiid leading the way. The big man posted a 16 - point, 15 - rebound double - double that also included three blocks. T.J. McConnell was next with a bench - leading 15 points. J.J. Redick poured in 14 points. Ben Simmons managed a 13 - point, 10 - assist double - double that also included eight rebounds. Furkan Korkmaz supplied 13 points, five assists, two rebounds and one steal. Landry Shamet turned in 12 points, four rebounds, two assists and one steal. Mike Muscala matched Shamet's scoring total and pulled down 10 rebounds. Jimmy Butler collected 11 points, seven rebounds, four assists and four steals. The Wizards head back home and face the Brooklyn Nets on Saturday evening, while the Sixers remain home to take on the Memphis Grizzlies on Sunday evening."
16,4934,Ben Simmons,6,True,"The Philadelphia 76ers defeated the visiting Memphis Grizzlies, 103 - 95, at Wells Fargo Center on Sunday evening. The Sixers got out to a quick, 10 - 3, lead but the Grizzlies stuck with it, leading to a, 26 - 25, advantage for the home team, after one quarter. The 76ers stayed on top in the second, where they outscored the Grizzlies, 28 - 19, to take a, 54 - 44, lead by halftime. Things tightened up again in the second half, as both teams matched each other for 24 points in the third quarter, leaving the Sixers ahead by 10 heading into the fourth. The Grizzlies started the fourth quarter with a quick 9 - 1 run, to make it a two - point game. However, the 76ers answered right back, pushing their lead back to nine, with five minutes left. The Grizzlies cut it as close as a four - point deficit, but could not do better than that, as the 76ers held on to earn their fourth straight win. J.J. Redick led Philly with 24 points on 9 - of - 17 shooting, in 30 minutes. Jimmy Butler tallied 21 points, three rebounds, two assists and a block. Ben Simmons finished with 19 points, 12 rebounds, six assists and two steals, while Joel Embiid added 15 points, 14 rebounds, three assists, one steal and one block. Meanwhile, Mike Conley led the Grizzlies with 21 points, five assists, two rebounds, one steal and one block. Jaren Jackson Jr. followed up with 17 points, three rebounds, three blocks and a steal, while JaMychal Green tallied 14 points, seven rebounds and four steals. The Grizzlies (13 - 9) will look to bounce back as they play host to the Clippers on Tuesday. The 76ers (17 - 8) take on the Raptors in Toronto on Wednesday."
17,4934,Ben Simmons,6,True,"The Philadelphia 76ers defeated the visiting Memphis Grizzlies, 103 - 95, at Wells Fargo Center on Sunday evening. The Sixers got out to a quick, 10 - 3, lead but the Grizzlies stuck with it, leading to a, 26 - 25, advantage for the home team, after one quarter. The 76ers stayed on top in the second, where they outscored the Grizzlies, 28 - 19, to take a, 54 - 44, lead by halftime. Things tightened up again in the second half, as both teams matched each other for 24 points in the third quarter, leaving the Sixers ahead by 10 heading into the fourth. The Grizzlies started the fourth quarter with a quick 9 - 1 run, to make it a two - point game. However, the 76ers answered right back, pushing their lead back to nine, with five minutes left. The Grizzlies cut it as close as a four - point deficit, but could not do better than that, as the 76ers held on to earn their fourth straight win. J.J. Redick led Philly with 24 points on 9 - of - 17 shooting, in 30 minutes. Jimmy Butler tallied 21 points, three rebounds, two assists and a block. Ben Simmons finished with 19 points, 12 rebounds, six assists and two steals, while Joel Embiid added 15 points, 14 rebounds, three assists, one steal and one block. Meanwhile, Mike Conley led the Grizzlies with 21 points, five assists, two rebounds, one steal and one block. Jaren Jackson Jr. followed up with 17 points, three rebounds, three blocks and a steal, while JaMychal Green tallied 14 points, seven rebounds and four steals. The Grizzlies (13 - 9) will look to bounce back as they play host to the Clippers on Tuesday. The 76ers (17 - 8) take on the Raptors in Toronto on Wednesday."
18,4935,Ben Simmons,7,True,"The Philadelphia 76ers defeated the visiting Detroit Pistons, 116 - 102, at Wells Fargo Center on Monday evening. The Pistons jumped to an early, 7 - 4, lead but the 76ers came back to tie it at 11, four minutes into the first quarter. The Sixers did not look back from there, as they used a quick, 90, run to create some separation, and held on to take a, 38 - 29, lead into the second quarter. The game slowed down in the second, as the Sixers and Pistons matched each other with 18 points in the quarter. Things picked up again in the third, where the Sixers held their nine - point lead for most of the quarter, until the Pistons finally made a run to cut the deficit to three, with under two minutes remaining. However, the 76ers charged back with a, 11 - 3, run to bring a, 87 - 76, lead into the final frame. The Pistons kept fighting and cut the gap to six early in the quarter, but the home team responded one final time, pushing the lead to 17 points with three minutes left in the contest. The 76ers cruised from there to their second win in a row, while the Pistons dropped their fifth in a row. Joel Embiid led Philadelphia with 24 points, eight rebounds, three assists, two steals and two blocks, in 32 minutes. Ben Simmons followed up with 18 points, 10 rebounds, seven assists, two steals and one block, while T.J. McConnell added 14 points, six assists, four rebounds and two steals, in 28 minutes off the bench. Luke Kennard had a big night for the Pistons, with 28 points, eight rebounds and three assists, in 36 minutes. Blake Griffin (rest) did not suit up, but Andre Drummond finished with 21 points, 17 rebounds, three blocks, two assists and one steal. The Pistons (13 - 12) will look to bounce back as they take on the Hornets in Charlotte on Wednesday. The 76ers (19 - 9) play host to the Nets on Wednesday."
19,4935,Ben Simmons,7,True,"The Philadelphia 76ers defeated the visiting Detroit Pistons, 116 - 102, at Wells Fargo Center on Monday evening. The Pistons jumped to an early, 7 - 4, lead but the 76ers came back to tie it at 11, four minutes into the first quarter. The Sixers did not look back from there, as they used a quick, 90, run to create some separation, and held on to take a, 38 - 29, lead into the second quarter. The game slowed down in the second, as the Sixers and Pistons matched each other with 18 points in the quarter. Things picked up again in the third, where the Sixers held their nine - point lead for most of the quarter, until the Pistons finally made a run to cut the deficit to three, with under two minutes remaining. However, the 76ers charged back with a, 11 - 3, run to bring a, 87 - 76, lead into the final frame. The Pistons kept fighting and cut the gap to six early in the quarter, but the home team responded one final time, pushing the lead to 17 points with three minutes left in the contest. The 76ers cruised from there to their second win in a row, while the Pistons dropped their fifth in a row. Joel Embiid led Philadelphia with 24 points, eight rebounds, three assists, two steals and two blocks, in 32 minutes. Ben Simmons followed up with 18 points, 10 rebounds, seven assists, two steals and one block, while T.J. McConnell added 14 points, six assists, four rebounds and two steals, in 28 minutes off the bench. Luke Kennard had a big night for the Pistons, with 28 points, eight rebounds and three assists, in 36 minutes. Blake Griffin (rest) did not suit up, but Andre Drummond finished with 21 points, 17 rebounds, three blocks, two assists and one steal. The Pistons (13 - 12) will look to bounce back as they take on the Hornets in Charlotte on Wednesday. The 76ers (19 - 9) play host to the Nets on Wednesday."
