title,director_name
Radio Days,Woody Allen
Money Talks,Brett Ratner
Date Night,Shawn Levy
Real Steel,Shawn Levy
American Beauty,Sam Mendes
Brokeback Mountain,Ang Lee
Anchorman: The Legend of Ron Burgundy,Adam McKay
Capitalism: A Love Story,Michael Moore
Ever After: A Cinderella Story,Andy Tennant
Unforgiven,Clint Eastwood
Why Did I Get Married?,Tyler Perry
The Good Girl,Miguel Arteta
Knocked Up,Judd Apatow
The Transporter,Louis Leterrier
Hannah Montana: The Movie,Peter Chelsom
Election,Alexander Payne
Cheaper by the Dozen,Shawn Levy
The Stepford Wives,Frank Oz
RED,Robert Schwentke
Machete Kills,Robert Rodriguez
Scary Movie 3,David Zucker
Ed Wood,Tim Burton
Tumbleweeds,Gavin O'Connor
Bless the Child,Chuck Russell
My Soul to Take,Wes Craven
