review,sentiment
"This is probably the best movie of 2002 regarding Romanian cinema. I do recommend it being an intense drama with no lack of action and thrills. The movie concentrates upon teen life in the Bucharest suburbs trough the main character, not focusing so much on the character's shape or definition but more on the anger that he and other characters feel. The title ""Furia"" means rage rather than anger, but could be regarded in the movie in both senses from the behavior of actors. The rather odd love story (not a typical romantic one, but rather a modern suburban conception) is well shaped towards the end. It is a captivating picture, and cinematography is pretty good in catching the suburban night life thus making it a nice movie to watch and.<br /><br />You won't get bored for a minute, i promise!",positive
"This film has it's heart in the right place, but unfortunately, it isn't much of a film. It is more of a documentary under the guise of a narrative. Bamako is basically a newspaper op-ed piece put on celluloid. However, your average well-researched op-ed piece is far more cogent and concise than anything presented here. The filmmaker is trying to relay to the viewer the hardships of African life, in particular the country of Mali, due to the unethical practices of the IMF, G8, and World Bank, by using the setting of a mock trial against the aforementioned. There is an extra 10 minutes dispersed throughout the film that makes a half-hearted attempt at a narrative plot, and a bizarre Hollywood Western-style shootout scene, where the director seems quite pleased with his own cleverness (hence, the frequent Godard comparisons).<br /><br />Of course, as the film begins, what and who is on trial is never explained, but as we know by now, the French refuse to spoon-feed their audience.<br /><br />There are many impassioned arguments made, but they are often long-winded, delivered in a shrill monotone (one that becomes quite easy to tune out after awhile), and very light on specifics. The last point is the most frustrating of all since there is a very well-reasoned specific case to be made against the institutions on trial here. Unfortunately, all we get in 2 hours is that the IMF and G8 are evil oppressors and should forgive 3rd-World debt. We are given no more than the occasional hint to the specific reasons why the organizations on trial are guilty, but never a clear case. The mock-trial arguments and the footage of the surrounding village makes the suffering of these African residents clear, but one wonders why we must sit through 2 hours of it, when a far more precise picture could be painted in a 20-minute Newsweek article, or Bill Moyers episode. In the end, there is something very important to be said on this issue, it simply isn't presented very well, or very clearly, in this pretentious, indulgent piece.",negative
"I really enjoyed this episode. Seeing The Flash, Cyborg, Green Arrow, and Aquaman (even though all he did was swim) made my eyes widen. To see most of the founders of the Justice League trying to bring down Lex Luthor is what i've been waiting for. This sounds a bit off topic, but making a live action Justice League show would definitely make me have a reason to shove everything that i usually do during the week down the drain just to watch one episode. This is the thrill i got from watching this episode. I wish they had made this episode a little longer, like a two hour special, because i felt that one hour of the Justice League wasn't enough. Now before i bore you (unless i already have with my rambling) i just want to say, Smallville is cool again. It sort of lost its touch when the show started focusing on Lana. But i'm sure the writers will just fall back into that loop hole. :( So enjoy this episode. Who knows when another good one's going to come out. Catch it again this Thursday, Feb. 22, if you missed the first airing.",positive
"A dreamy, stunningly atmospheric film takes place in a small town of Northfork, Montana in 1955. The government officials arrive to evacuate the town about to be inundated by a new hydroelctrical dam. There are the other visitors in the town, the angels from another time but they only seen by a dying boy Irvin. A local priest (Nick Nolte in a quiet heartbreaking performance) takes care of the boy. Irvin pleads with the angels to leave the place with them...<br /><br />There is some unearthly quality in the film, some dignified mourning and sublime sadness when you suddenly realize the inevitable finality of everything - humans and their relationships, cities, countries, civilizations, the whole world as we know it. Death and birth have something in common - we go through them in the ultimate loneliness. <br /><br />I cannot recall the film that affected me in the same way and as deeply as ""Northfork"" did, the film so beautiful and so tender, so quiet and so powerful, so heartbreaking and so moving. Even now, after several weeks since I saw it, tears come to my eyes when I only think of it.<br /><br />After I saw it, I had to talk to somebody about it. I sent a PM to one of my friends and I asked, ""Please tell me what I just saw?"" And my friend replied with the words, ""You just saw one of the greatest films of modern times. One of these days others will see the light.""",positive
"This is like ""Crouching Tiger, Hidden Dragon"" in a more surreal, fantasy setting with incredible special effects and computer generated imagery that would put Industrial Light and Magic to shame. The plot may be hard to follow, but that is the nature of translating Chinese folklore to the screen; certainly the overall story would probably be more familiar to its native audience. However, an intelligent person should be able to keep up; moreover, the martial arts scenes potency are amplified by eye popping CGI.",positive
"Leland follows the story of Leland P. Fitzgerald (Ryan Gosling), a disaffected teenager who has apparently murdered a severely retarded peer, the brother of a girl he was dating. The issue is not whether he did it or not  Leland admits to it, straight away  but rather, why. Interestingly, rather than a crime drama, Leland becomes a character story, examining why people do what they do  not necessarily the easiest ground to till.<br /><br />And Leland features the required indie group of screwed-up people. Aside from the title character, there's also Pearl (Don Cheadle), who is his teacher at the juvenile correctional facility and who sees straight off that Leland is different. We meet Leland's distant and egotistical father (Kevin Spacey in an extended cameo), who never seems emotionally stirred in any way by what his son did. But the real flavorings come out when we immerse ourselves in the Pollards, the family of the retarded child. First, there's Leland's girlfriend Becky (Jena Malone), a drug addict who can't keep herself clean; her sister Julie (Michelle Williams), perhaps the most normal person in the film, who merely seeks to get away from it all; and Allen Harris (Chris Klein), a young man who lives with the Pollards and is Julie's boyfriend. Lastly, there's Ryan (Michael Welch), whom all the others call goofball, who cannot communicate and seems barely aware of his surroundings.<br /><br />Leland focuses primarily on its eponymous protagonist, but the movie slowly  occasionally too slowly  burrows into everyone's lives, asking the chief question, why do people do what they do? While Leland discusses it openly in a journal Pearl allows him to keep, examining notions of good and bad and personal responsibility, all the characters at some point in the film face a moment where they must make the fundamental choice of their own happiness or another's, perhaps the most basic choice any human can make. And the movie takes a good look at what goes into those choices, and the consequences of them.<br /><br />In the beginning of the film, you're simply struck by the depth of the cast. Spacey. Cheadle. Gosling. Michelle Williams. Even Chris Klein  these are people who for the most part tend to elevate any film they are in, and putting them all together makes for a heady brew. For a space in the middle the film seems to stall, sputtering along as it unfolds; it looks for a while as if it will be content merely to ask questions and not supply any answers. But when we arrive at the home stretch and the movie starts to hit its stride and come together, Leland becomes a quietly powerful piece of film-making. Leland's explanation of the world and his actions, in the end, bring every story into focus, and all the investment you've made in the film pays off.<br /><br />Saying Ryan Gosling is excellent is like saying a sunny day is nice. At this point in his career it's redundant  this is one of the finest young actors working today, and it is a pleasure to watch him craft what could have been an unlikable character into a thought-provoking protagonist. Gosling employs such subtlety here that it hardly seems like acting; he has to face off most of the film opposite Don Cheadle, whom we know has the goods, and he not only holds his own, he elevates Cheadle's game as well. Cheadle himself is in top notch form, imbuing Pearl with a fully-rounded humanity  for good and bad. Spacey is kind of one-note, but that's the character, and he handles it excellently. I was surprised by Chris Klein; with this level of acting, I thought he would be buried in the mix, but he gives probably the turn of his career so far. Terrific work all around.<br /><br />Leland is a bit of a downer, and again, it's draggy in spots. But it finishes strongly and leaves a lasting impact on the viewer (on this one, anyway). There's also a subtle commentary on racism in the film (in Leland's first day in juvenile hall class, he's the only white person in the room) that, like much of the movie, is very effectively handled. I wouldn't go so far as to call this required viewing  some might find it too slow or too odd  but I thought it was one of the better films I've seen in a while, far stronger and more satisfying than most fare out there. I'd recommend it  with the above caveats  if for no other reason than to watch Gosling further perfect his craft.",positive
"For a fan series, I must admit that Hidden Frontier is not at all that bad. But, reviewing this series can not be based on whether it is a fan series or not. The initiative in itself is commendable. The creativity as well. I reckon these are people with ordinary jobs, and a big enthusiastic heart for Star Trek. But, doing all this work. Pulling all these resources. Taking all this time, and still all those flaws.<br /><br />First of all the acting, and the lines are awful. For most. The dialogs belongs in a 70's military show, not in Star Trek. The captain (Mr Squinty) looks like he is about to burst into laughter anytime. And most characters are just reading their lines. The directors should be aware of the fact that ""retake"" is not just a word in the dictionary. But I also guess that the series are made in the manner of ""Two Takes Frakes"", who directed many of the TNG episodes and movies Also, I could not help but think that most of the actors are typical Trekkies. Without going any deeper into that assumption.<br /><br />My biggest concern regarding the whole project, is the quality of the releases. When they first decided to spend so much time, and resources on this series - why didn't they make it available in decent quality? Using the quick time format, with low low resolution is a waste of talent. Even the ""higres"" episodes is considered bad quality compared to the standard quality series are released in. Using Xvid codec, with a larger resolution and file size would have improved the experience massively. If band with problems was the issue, setting up a torrent tracker would have solved that.<br /><br />Let's hope the crew decides to brush the series up, and perhaps release it on DVD, giving it the quality the project deserves.",negative
"Old Ed was active back in the late 1950's He was apprehended 16 November 1957. The PR-24 Police Baton was invented in 1974. Yet the cops in the movie are all carrying the PR 24. Back then it would have been a standard ""billy club"" not the side handled PR 24. Sheeze, if you are gonna make movies do your research and get it right. Also it makes no mention of Ed's usage of the bodies. He tanned most of the skins and made various articles including a lampshade, a belt and several masks. He also had a large selection of ""shrunken heads"" that several local children knew about as he often babysat for them. He was found incompetent and committed to the Central State Hospital for the criminally insane.",negative
"Watching this movie was a waste of time. I was tempted to leave in the middle of the movie, but I resisted. I don't know what Ridley Scott intended, but I learned that in the army, women get as stupid as men. They learn to spit, to insult and to fight in combat, and that's also a waste of time (in my opinion). And, anyway, what the hell was that final scene in Lybia? Are they still fighting Gadafi or is it that it's easy for everyone to believe islamic people are always a danger?",negative
"The acting- fantastic. The story- amazing. The script- wonderful.<br /><br />Just a few ways to describe this movie. Yes, it's slow and it has mostly talking, but the whole story of all of their lives and how it's told with the flashbacks thrown in and out makes you want to listen to every little thing to learn more about this haunting and tragic story. I, myself, am reading the book that the movie is based off of and it has shown me even more light into this story and answers some questions that were left unanswered in the movie. I'm also to read the Exectioner's Song, which is the 'other' half of the Gilmore story. This movie made me think so much about the phrase ""piering into the other side of the looking glass"". You hear a song in the movie called Gary Gilmore's Eyes, which is by a punk band that wrote a song about what it'd be like to have Gary Gilmore's eyes(which is one of the things Gary gave as a transplant when he died) and as you listen to it, which is after the last time Mikal ever sees Gary, you look at the whole situation a little differently if you were to only here the song itself. This movie opened my eyes in that way and in many others. I recommend this movie(and the book) very very much.",positive
"This film is being described as a comedy, but it wasn't a comedy at all. Like any Panahi film, it was a very realistic drama depicting the common thread of social inequity and hypocrisy. But it was very funny; much lighter than the director's dark and serious The Circle (my favourite Iranian film). The resourcefulness of the girls and the banter between them and the soldiers was both completely believable (as if it were a documentary) and completely hilarious.<br /><br />The filming the actual match and aftermath was astonishing. It added a realism much like Australia's Kenny, of course a very different film.<br /><br />The performances from all the non-professional actors  soldiers and girls  were very credible. It was very moving to see the passion, disappointment and excitement of these girls. Anyone in this country who thinks Muslim girls wearing a chador are any different to their own daughters should go see this film  it will be a real eye-opener.<br /><br />To me, the soldiers represented the current paradigm. They started out with stock-standard official policy responses to all the pleas of the girls. As the film progressed, they found it more and more difficult to maintain this stance. When what seems like all of Teheran breaks out into wild celebration, everyone is caught up in it, and the ridiculousness of the current policies is obvious to one and all.<br /><br />It was a very moving and unexpected ending, and gave the film a really nice blend of emotions, frivolity, drama and social commentary. Though it's adult cinema, I think mature-minded children from about seven onwards would really appreciate this film (as long as they can read subtitles).<br /><br />It is remarkable that a repressive country like Iran is able to produce films of such quality by the likes of Panahi and Kiarostami. Perhaps the constraints there force directors to be extremely resourceful. Australian (and other) film makers could take a leaf out of their book.",positive
"S l o w, l o n g, d u l l. . .<br /><br />Oh my god, dull. <br /><br />Characters so annoying - you'll cringe every time you see Jimy Smits, or the guy that played tomtom from now on. They must have never rehearsed or reviewed the film in progress. Mel Gibson was absolutely wooden.<br /><br />This may not be the worst movie ever made, but that it went almost straight to video says it is darn close.<br /><br />",negative
"'War movie' is a Hollywood genre that has been done and redone so many times that clichéd dialogue, rehashed plot and over-the-top action sequences seem unavoidable for any conflict dealing with large-scale combat. Once in a while, however, a war movie comes along that goes against the grain and brings a truly original and compelling story to life on the silver screen. The Civil War-era ""Cold Mountain,"" starring Jude Law, Nicole Kidman and Renée Zellweger is such a film.<br /><br />Then again, calling Cold Mountain"" a war movie is not entirely accurate. True enough, the film opens with a (quite literally) quick-and-dirty battle sequence that puts ""Glory"" director Edward Zwick shame. However, ""Cold Mountain"" is not so much about the Civil War itself as it is about the period and the people of the times. The story centers around disgruntled Confederate soldier Inman, played by Jude Law, who becomes disgusted with the gruesome war and homesick for the beautiful hamlet of Cold Mountain, North Carolina and the equally beautiful southern belle he left behind, Ada Monroe, played by Nicole Kidman. At first glance, this setup appears formulaic as the romantic interest back home gives the audience enough sympathy to root for the reluctant soldier's tribulations on the battlefield. Indeed, the earlier segments of the film are relatively unimpressive and even somewhat contrived.<br /><br />""Cold Mountain"" soon takes a drastic turn, though, as the intrepid hero Inman turns out to be a deserter (incidentally saving the audience from the potentially confusing scenario of wanting to root for the Confederates) and begins a long odyssey homeward. Meanwhile, back at the farm, Ada's cultured ways prove of little use in the fields; soon she is transformed into something of a wilderbeast. Coming to Ada's rescue is the course, tough-as-nails Ruby Thewes, played by Renée Zellweger, who helps Ada put the farm back together and, perhaps more importantly, cope with the loneliness and isolation the war seems to have brought upon Ada.<br /><br />Within these two settings, a vivid, compelling and, at times, very disturbing portrait of the war-torn South unfolds. The characters with whom Inman and Ada interact are surprisingly complex, enhanced by wonderful performances of Brendan Gleeson as Ruby's deadbeat father, Ray Winstone as an unrepentant southern ""lawman,"" and Natalie Portman as a deeply troubled and isolated young mother. All have been greatly affected and changed by ""the war of Northern aggression,"" mostly for the worse. The dark, pervading anti-war message, accented by an effective, haunting score and chillingly beautiful shots of Virginia and North Carolina, is communicated to the audience not so much by gruesome battle scenes as by the scarred land and traumatized people for which the war was fought. Though the weapons and tactics of war itself have changed much in the past century, it's hellish effect on the land is timelessly relevant.<br /><br />Director Anthony Minghella manages to maintain this gloomy mood for most of the film, but the atmosphere is unfortunately denigrated by a rather tepid climax that does little justice to the wonderfully formed characters. The love story between Inman and Ada is awkwardly tacked onto the beginning and end of the film, though the inherently distant, abstracted and even absurd nature of their relationship in a way fits the dismal nature of the rest of the plot.<br /><br />Make no mistake, ""Cold Mountain"" has neither the traits of a feel-good romance nor an inspiring war drama. It is a unique vision of an era that is sure not only to entertain but also to truly absorb the audience into the lives of a people torn apart by a war and entirely desperate to be rid of its terrible repercussions altogether.",positive
"I had the funny chance of seeing this on Mystery Science Theater 3000, four years ago. I must admit it wasn't as badly done as some other science fiction/horror movies of the time. The plot revolved around an astronaut that came back to earth with alien embryo's inside of him. Now the plot is quite weird, well if you can even call that a plot. (Seeing a space program run out of one building and an old pickup truck is drop-dead funny!) I'll admit it was horrible by today's standards (and 20 years ago)...but I can see myself 43 years ago watching and being charmed by this movie. It's not even close to the badness of Invasion of the Neptune Men, Manos: Hands of Fate or Future War.<br /><br />",negative
"When I heard that this movie was coming out the night before Halloween, I was very excited. When I found out that it was a book, written in 1978, I had to read it before seeing the movie. I'm sure the movie would have been much different to me if I had not read the book. The writers actually did a good job of staying true to the main plot of the book, with minor differences, naturally. I think the thing that disappointed me the most about the movie was Boyle playing the role of Col. I'm not a big fan of Boyle, and it seems that no matter what the mood during the movie, she's always trying to use her over-plumped lips, and darkly makeup-ed eyes to make herself seem super sexy. Indeed, I think that the movie held true to the genuine creepiness of the house. My favorite subplot was the Sheehan family (which is so weird b/c the son was killed in Iraq and in current events there is Casey Sheehan whose mother went on a huge anti-Iraq tirade). In the book, obviously the war was not Iraq, but rather, Vietnam, and when the house turns on that video of the son in the helicopter, I was truly creeped out. Overall, I was impressed with the movie, in that it followed the book very well.",positive
"This movie is great. If you enjoy watching B-class movies, that is. This is a classic college 80's slasher movie, in which one song is played throughout the entire soundtrack. A horrible film, but worth renting to make fun of, or just to watch old men pop out of closets with knives. Kinda funny, if you ask me.",positive
"This film has got several key flaws. The first and most significant of which is the clear lack of a good plot! This sadly makes the film not only difficult to watch but also sends the watcher certain feelings of hopelessness, as if he or she is wasting valuable time of their short life. This means that the film cannot captivate it's audience, instead it encourages the viewing public to grow contempt for the film and everything associated with it! In short, it really is very very very very very very very BAD! Do yourself a favour and chew on a large rubber shoe, you'll find it far more interesting and enjoyable than watching Terminator Woman.",negative
"The film is side spliting from the outset, Eddie just seems to bring that uniqueness to the stage and makes the most basic thing funny from having an ice cream as a child to the long old tradition of the family get together. The film is very rare in this country but unsure of availability in other countries i have searched through a lot of web sites and still no luck, phoned companies that search for rare videos and there are year waiting lists for it. SO HINTS ARE VERY WELCOME. If any one likes Eddie Murphy as a comedian and see's the video get it,it is worth the money and can't go far wrong.",positive
"You know those films that have you trapped in the cinema? You're stuck there in the best seat in the house, centre of the row in your own special sweet spot that you swapped three times before you got just the right seat - and after about what feels like 13 hours you are still trapped there, uncomfortable and itchy, thinking ""When the F*** is this film ever going to END???"" (You know the feeling - think of A.I. and The Village).<br /><br />Well, Visitor Q delivers a weird variant of that feeling. I sat there for the first 30 minutes wondering when the thing was going to f***ing start! It is interminable! So ""Arty"" it hurts. This is the first Miike Takashi film I have watched. Apparently he makes films by the dozen and, if they are all pretentious w@nk like this, I suspect it will be the last.<br /><br />I'm not against Pretentious w@nk. David Lynch is up there amongst the top 10 directors for me but Visitor Q is cut-rate, cheap, and nasty pretentious w@nk. <br /><br />As you may have worked out by now - I hated it.",negative
"While watching a mundane modern movie (The Runaway Bride) with my granddaughter (age 22) she asked me ""Since you've been watching movies since 1938, what is the greatest movie of your lifetime?"" Boy! What a choice that is! It took me all summer of thought and relooking a some flicks before I made my decision. It is ""THE BEST YEARS OF OUR LIVES"". This movie has no flaws. It is one movie in which each one of the minor characters part and dialog is essential to the whole story. There is not a single part in the film which could be left out. The young girl's fixation with her brothers lack of hands, the man coming home to young adult children who have grown up without him and with different ideas, the portrayal of a young man whose only responsiblity was as a soda jerk who became the leader of a group of men, and was awarded medals for his action. A women who must now adjust to the husband who's life has been away from her for years. The realization of the folks who were in the safety of there secure homes of the sacrifices these ordinary men made in their behalf. The look into the life of loving and living with a man without hands. A parents first look and reaction to their son's new deformities. A man used to making life and death decision in a instant, having to return to the way of plodding though a conservative bank's loan structure. This is no sympathetic, tear jerking, heart strumming act. THIS WAS REAL LIFE! It could not have been portrayed any different. This, my friends, is HOW IT WAS!! This could easily be considered a documentary. In this day of color film, please do not be turned off by the black and white because it is one of the finest B/W filming, editing and directing you will ever see. The casting was perfect. If I could, I would make it compulsory for anyone taking history, film making, creative writing, sociology, family counciling or psychology to view and report on this magnificent example of the film makers art.",positive
"First off, let me say I wasted Halloween movie night by watching this garbage. Second, let me inform you that the current DVD available by Shriek Show is not uncut, so you gore hounds will be very upset. Third, that one scene is the highlight of the film and since it's been cut, well, you see where I'm going.<br /><br />I know a lot of horror fans dig this movie. It is atmospheric, shot in the woods with some very nice scenery, waterfalls and such. But after the opening kill, which has a very brutal shot of a machete being jammed through a hunter's crotch, you get no real brutal kills after that. And, with a slasher movie, you sort of want that. At least, I do. The director and co. do nothing new with the killer in the woods idea, several of this type of movie were all made right around the same time in the very early eighties. The only thing this has going for it is that you don't hate the actors as much as you might in other films. They are sort of likable. The kids have a reason for being there: one of them owns a deed to some property on the mountain. But what is not explained is why his family has property there. There is no cabin or house, so why buy property in East Jesus, especially if you aren't a hunter or whatnot? Well, I'm sure some people do buy land for camping purposes, but that just seems unusual. Anyway, two squealing backwoods inbreds show up and start stalking the campers and picking them off one by one. And, as I said before, you get pretty much nothing in the way of decent deaths after the machete kill in the beginning. The ending has a sort of off the wall kill by Connie, but even that isn't enough to save this from being almost equal with the completely forgettable film, The Forest, which is mind-numbing.<br /><br />If Shriek Show had been able to get a real uncut print, then this review might have been a little more forgiving, but this is the day and age of uncut/unrated DVD releases of old obscure films for cine-hounds like me. When you slight us, you get the crud review. Sadly, the presence of the great fatherly George Kennedy is the only highlight of this movie to set it apart from the other garden variety trash that was churned out back in the day.",negative
"Well, here we have yet another role reversal movie. There were many worth watching, despite the tired plot of gender reversal. However, this one is not. In previous reviews, I think I've made my point about the general decline of enjoyment for Haim movies that followed the late 80s. This is one of them.<br /><br />'Just One of the Girls' is about a high school kid (Corey Haim) who tries to avoid his bullies by dressing up as a girl and attending another school. He joins the cheerleading squad and makes friends with fellow cheerleader, Marie (Nicole Eggert). Obviously, he can't keep up the charade for too much longer.<br /><br />I thought this movie was utter crap, and it wasn't even funny. But, judging by a majority of reviews, it looks like fans of Alanis Morrisette or teen sex queen, Nicole Eggert, are the only ones who'd want to watch this. If you're looking for a good Haim feature (or role switching comedy), look no further than 1989. This is about the point that Haim's career tanked.",negative
"Pretty decent for his early work and no Kokaku Kidotai without it, and gets an 2 points extra for the easter eggs. For Shirow definitely a rung in the ladder. I am biased as a Shirow fan but this was a big step from Dirty Pair which was what I knew of him. Violent fun with a porno soundtrack! You cannot help but notice that. I know people appreciate him for Ghost in the Shell..but all of the deep spiritual overtones were dealt with in Appleseed. ESWAT killing terrorists, the struggle for humans to stay viable as bioroids phase them out, and Deunan staying thin despite her intake of junk food. Definitely like the characters even the traitor..and I do not know why.",positive
"Susan inadvertently stumbles onto a drug smuggling ring while her realtor gets a flat tire while driving her to see a house. The leader of said drug ring, Mongo (whom only has one week until retirement) thinking she knows much more than this bubbly blond actually does seeks to make sure she won't tell anyone anything and thus begins one of the more bone headed films that I've sat through.<br /><br />All the actors in this film can't really act in the least. Susan makes a pretty ineffectual hero for most of the movie (she'd never escape multiple times if not for the fact that seemingly every one in the movie wants to have sex with her) and she doesn't take the offensive until the last 20 minutes of the flick. When she does she spouts some generic ""I have had enough"" line, preach on sister, that very thought ran through my mind multiple times when I was watching this <br /><br />My Grade: D-",negative
"OMG, another bad film by Larry Buchanan. That guy did not learn to stop, did he? First, he gives us zero budget sci-fi movies and lies about famous dead people, and now he is exploiting the Loch Ness Monster as being vicious.<br /><br />The ""plot"" is basically about some southerners of the USA pretending to be Scottish camping out at Loch Ness. Alas, out on the fishing hole, oops, I mean lake of Loch Ness, there is a killer inflatable monster that clams itself to be Nessie, going out of its way to kill people for no apparent reason.<br /><br />I am surprised that the crew of MST3K never heard of this movie. Yes, it is that bad too.",negative
"I've watched this movie on a fairly regular basis for most of my life, and it never gets old. For all the snide remarks and insults (mostly from David Spade), ""Tommy Boy"" has a giant heart. And that's what keeps this movie funny after all these years.<br /><br />Tommy Callahan (Chris Farley) is the son of Big Tom Callahan (Brian Dennehy), master car parts salesman, and has ridden on that all his life. But after his died dies on his wedding day, Tommy learns that the company is in debt, and about to be bought by Ray Zalinsky (Dan Akroyd), the owner of a huge car parts company. So in order to save the company, Tommy has to go on the road to sell the company's new brake pads. Along for the ride, though not by choice, is Richard Hayden (David Spade) a former classmate of Tommy's who was Big Tom's right-hand man.<br /><br />The movie rides on the chemistry between the two SNL stars (and real-life best friends) Chris Farley and David Spade. The duo has enough comic energy going between them to power the world. It's the big, dumb guy versus the smart little guy. It works, and some of their scenes are unforgettably funny. Farley and Spade are actually decent dramatic actors as well. Although the film is primarily a comedy, it has its fair share of drama, but Spade and especially Farley are just as good there as when they're making the audience laugh.<br /><br />Forgive me, but I have to talk about Chris Farley a little more. I read his biography (""The Chris Farley Show: A Biography in Three Acts,"" for anyone who cares), and understanding who Chris was in real life made this movie more special to me. Chris Farley was a genuinely good person who struggled, and ultimately failed to conquer his addictions. Although this was the first movie he had a major role in, it is his best film. It really showed who he was, and just how much talent he had. Knowing Chris's story adds another layer to this movie, although it doesn't make it any less funny.<br /><br />Farley and Spade are matched with a good on screen cast. Rob Lowe is suitably slimy as Tommy's ""new brother,"" and Bo Derek is solid as his step-mother. Brian Dennehy is great as Big Tom. Dennehy makes it easy to believe that they're father in son. Big Tom is just as crazy as his son, although he's smarter and more mature. Dan Akroyd gives one of his best performances as Zalinsky, giving Tommy the hard truth behind advertising. Julie Warner is also good as Tommy's love interest, Michelle.<br /><br />For me, Peter Segal is one of the great comedy directors. He keeps the pace quick and energetic, but most importantly, he knows how to make comedy funny. He doesn't belabor the jokes, and he understands that funny actors know what they're doing and he allows them to do it. But Segal goes a step further. He gives ""Tommy Boy"" a friendly, almost nostalgic tone that both tugs the heartstrings (genuinely) and tickles the funnybone.<br /><br />Critics didn't like ""Tommy Boy."" Shame on them. A movie doesn't have to be super sophisticated or subversively intellectual to be funny (God forbid Farley and Spade were forced to do muted comedy a la ""The Office""). This is a great movie and one of my all-time favorites.",positive
"In A Minute To Pray, A Second To Die, Clay McCord (Alex Cord) is an unhappy outlaw with a ten thousand dollar bounty on his head and degenerative epilepsy.<br /><br />Realizing his days as an outlaw are numbered, he wants desperately (though somewhat reluctantly) to take advantage of an amnesty being granted by rough and tumble territorial governor Robert Ryan, (excellent performance) who badly wants McCord to renounce his ways and accept the amnesty as an example to others while in the bandit hub of Escondito, outlaw Mario Brega plans to kill McCord to stop that from happening.<br /><br />Also starring Arthur Kennedy, Aldo Sambrell and a slew of other familiar European faces, this is co-written and produced by (American) spaghetti western pioneer Albert Band, also responsible for the pre-Leone film Gunfight At Red Sands.<br /><br />Though the solution to the main character's ""epilepsy"" is lifted straight out of Howard Hawks' El Dorado, the script is solid, pretty fresh and unpretentious. This has a great balance of action and story and Alex Cord is great in it. He really should have been a bigger star.<br /><br />In defense of the shorter (well dubbed) English version: personally I'm past that age where the longer version is always the better version and the ending where McCord is ironically gunned down by grimy bounty hunters after his pardon, is needlessly nihilistic and completely destroys the film's message about hope and redemption.<br /><br />Call me old-fashioned, but I rooted for McCord and felt he earned that happy ending!",positive
"Mike Judge's Idiocracy is an interesting film, and one that his fans will undoubtedly track down and see.<br /><br />Before I start the review, I would preface it by saying that if you get a chance to see it, definitely do, as it IS worth watching, and isn't the easiest film in the world to track down.<br /><br />Let's start with the premise - Luke Wilson is Private Joe Bauers, an Army librarian who is deemed to have absolutely no outstanding attributes or glaring flaws, making him totally average in every way. This, along with the fact that he has no living relatives, makes him a standout candidate for an experimental cryogenics procedure. Also frozen with Joe is a Prostitute named Rita who was pimped to the project by Upgrayedd, her abusive pimp. Unfortunately, a few days after they are frozen, the top secret project is abandoned, and they are forgotten about.<br /><br />They wake up in 2505, and find that with the dumbing down of society following the trends of recent times, everyone on Earth is only slightly more intelligent than a chimp. The way that ""everyman"" Joe Bauers talks is seen as being ""faggy"", much as someone speaking like Shakespeare would ridiculed now, and a former professional wrestler is the President of the United States (actually, this one probably isn't that outrageous really). The best show on TV is called ""Ow! My Balls!"", which admittedly sounds pretty good, and not only is everything spelled wrong, but signs seem to have run out of space for the wording, leaving them to be bunched up at the end.<br /><br />It's a funny premise for film, but this is the problem - Aside from the initial premise, not that much in the movie is truly funny. What I mean by that is that the ideas that come to mind from having read the premise of the film are probably about as funny as the film itself. Obviously, it's not terrible, but it probably could have been funnier.<br /><br />There are some winners in the script, such as Starbucks now offering ""happy endings"", and people placing their blind faith in the universally misunderstood ""electrolytes"", but they are just too few and far between, so unless you are going to laugh hysterically every time one of the idiots of the future slurs out a slack-jawed, profanity laden sentence with little to no logic and/or intelligence, then the laughs might be pretty well spaced.<br /><br />It's unfair for everyone to be comparing it to Office Space, because it's a very different film, but as a film, regardless of what came before it, Idiocracy is a funny concept that will probably have you laughing a lot more in the opening 15-20 minutes than in the rest of the film.<br /><br />I give it 5 out of 10 because it is enjoyable, but doesn't do enough to raise it above middle of the road.",positive
"Yes I know ""talkies"" had just been invented for the cinema 2 years earlier when this was produced in 1929 but this film showed that much had to learnt about the art of producing films.It comes over as a filmed ""hammy"" stage play with the actors melodramatically enunciating their lines,rolling their eyes, using too many pregnant pauses and using gestures more appropriate to silent cinema, which I suppose was normal during the process of educating them to appear more naturalistic on screen.The gaps between lines spoken should have been tightened up during editing as it considerably slows the film.It is now only of interest for Titanic buffs who want to see an early example of this marine accident on film.In next chronological order they could see ""Titanic"" (1953) A Night to Remember (1958)""Titanic (1997), to see how the cinema's depiction of this tragedy as evolved over the years.There have been many documentaries and TV films made including the atrocious ""SOS Titanic"" (1979) On my version which is a DVD, David McCallum gives the introduction.It was he who played Harold Bride Marconi's junior wireless operator in ""A Night to Remember""(still the best feature film - please read my ""Tribute to Walter"" comments on IMDb under Howard Morley.demon.co.uk)and gave the commentary on the series of 4 videos entitled ""End of a Dream"" so he was well qualified to give the narration.Of more interest I found was a recording accompanied by actual photos of the 1912 US Senate hearing which is also on the DVD.Actors speak the actual words spoken by Lightoller 2nd officer, J Bruce Ismay,Managing director of White Star, Harold Bride and others including Gloria Stewart (The ""old Rose"" in Titanic 1997) whose voice is used for one of the first class women survivors.",negative
"The acting wasn't great, the story was full of simplistic turns and transparent characters. It's about the repercussions of the struggle between right-wing Flemish block voters on the one side and the Moroccon people living in the Belgian city Antwerp on the other side. Is it a political analysis ? Is it some kind of Belgian West Side Story or modern Romeo and Juliet ? The film just isn't strong enough to answer both questions (supposing those were the director's questions, too). Still, some of the scenes could function as a kind of Ken Loach film, set in Antwerp. After all, this city has been the starting point of the extremist right-wing Flemish Block party and is struggling with a lot of problems and tensions between different populations and cultures. It's very difficult to make a film about this situation, and this one isn't successful, unfortunately. Still, it's telling a story about a very real and complicated situation in present-day Belgium. The few foreign viewers watching should try and enjoy it and realise it's not the actual film that is important but the social dividing lines behind it that haunt Belgium, a 10 million people country, in the 2000s<br /><br />Dries Van Dongen",negative
"Riding Giants is a brilliant documentary that dives deep into the world of one of the most under-appreciated sports and brings to the surface a very human and raw emotion that only director Stacy Peralta could capture. Everything from the structure, to the players, to the amazing stock footage, to even the style in which this was filmed only reinforced the beauty and power behind the sport of surfing. Of all the surfing films that I have seen (Endless Summer, Billabong Odyssey, and Step Into Liquid) this was the most consistent and relevant. Beginning with the early ages of surfing (a brief history lesson) lasting all the way till Laird's infamous ride, Riding Giants goes further into the mind, heart, and soul of the sport than any of these other documentaries. How does it do this? By giving us the whole story, from start to finish, without fictionalizing or jig jagging from wave to wave.<br /><br />To begin this film was structurally sound. In the other films that I have seen about surfing, you sometimes find yourself jumping from new person to new person, wave to wave, event to event, without any knowledge of why or who? In Riding Giants, we have a very small cast of veterans and newbies. This allows you to really go deeper into the mind of each one. Also, instead of just riding waves, we are handed more history and more personal insight to the world than before. This is what really attracted me to this film. I was impressed that instead of showing all these big waves (because it is a big wave movie), we listen to stories and see first hand what these surfers had to overcome to get to those waves. I loved the information about the ""beach bums"" or father's of surfing. I am still floored by the amazing tales of Greg Noll and his early adventures into the harsh deep blue. Then, to see him in person, talking about what was going on in his mind, only added more fuel to the fire. The straightforward structure that Peralta followed allowed me to follow and walk away with more knowledge of the sport than with any of the earlier films. Peralta shows so much emotion and passion that you cannot help but be amazed by what these brave people have done, and where the sport is going.<br /><br />Add to a immaculate structure some intense and creative cinematography, and you have darn near perfect film. Using techniques that I last saw in The Kid Stays in the Picture, Riding Giants creates some scenes that almost feel as if they are jumping out of the screen. While it isn't 3D, it is that flat dimensional feeling that you get when you put two pictures on top of each other. In this film, it worked. It created more depth to the scenes, and really added to not just the shock value (man these waves were huge), but also the danger that these guys constantly faced. If it broke differently or they maneuvered wrong, these waves would kill them. Some did die, but it didn't stop the sport. It only created more excitement and more passion to do better. It is this love of the ocean and sport that leads me to my final point.<br /><br />The human element. So many of my earlier adventures in the world of surfing documentaries left me with beautiful waves, but very little about the people. The films knew that people were watching for the waves, so it would basically go from wave to wave to wave and the maybe a short second about the person. This film was the direct opposite. Peralta created this masterpiece by still giving us the waves, but devoting so much more attention onto the surfers and the immortal question of why they do this everyday. What rushes through their minds, what pushes them to go further, and the bonds that are formed while out there on the wild blue yonder. I felt like after watching this film that I not only knew more about big wave surfing, but also about the emotional side to the sport. This was an element not as developed in the other films and pushed Riding Giants to a whole new personal level.<br /><br />Overall, this film was brilliant. Never have I witnessed so much passion, devotion, and love wrapped in a structurally sound film. From beginning to end, I was impressed. I would be very happy if this film won the Oscar this year for Best Documentary, and to see a new rebirth in the surfing world and open more doors for films of this nature.<br /><br />Grade: ***** out of *****",positive
"I Love this movie! I know some people might say that it was not a great movie, but I really disagree. The comedy is classic Mel Brooks style and the actors were superbly chosen. This was my first exposure to Cary Elwes, and Dave Chappelle and what a first impression they made. Cary Elwes shines as Robin Hood, the only British Robin Hood mind you. He has great comedic timing and the right attitude for this type of film. Dave Chappelle is obviously much bigger now, but at the time this was his first movie and he did an outstanding job as Achoo. The characters were all very well planned out and all added their own little quirks to the movie. I highly recommend that you rent this movie and enjoy it with a nice bowl of popcorn and some close friends!",positive
"In 1937 Darryl Zanuck, who had recently moved from head of production at Warner Brothers, was trying to get his newly created company, 20th Century Fox off the ground and on a level playing field with his old bosses at Warners and the glitter palace at MGM. ""This Is My Affair"" was an attempt to cash in on the current success of historical films set around the turn of the century (""San Francisco"" ""In Old Chicago"")and in retrospect he succeeded quite mightily. The plot is fascinating. A trouble maker but heroic naval officer (Robert Taylor) is given a secret assignment by President McKinley to uncover a ring of bank robbers that are paralyzing American finance. He finds the gang but falls in love with their female mascot (Barbara Stanwyck) and must decide between love and duty.<br /><br />Not everything about this vintage film works well, but overall it is a good slice of studio film-making. The plot gimmick would be borrowed by Kurt Vonnegut for ""Mother Night"" (the lead role of that film of the book was played brilliantly by Nick Nolte) and seems quite believable, at least within the confides of studio make believe. As a fan of old movies I am always thrilled when I stumble upon one that I have never seen and ""This is my Affair"" was no exception.",positive
"Despite its low-key release in this country, and its apparent disregard in other countries (the 'R' rating in the States can't have helped - honestly, just because HBC uses the C-word!), this is actually a fine piece of work. The sentimentality does occasionally threaten to choke it, but it's overcome by the playing of the two leads.<br /><br />It's easy to win plaudits just because you're playing a physical or mental cripple (Daniel Day-Lewis, Geoffrey Rush, Dustin Hoffman, etc.), and Helena Bonham-Carter may not quite capture the physical degradation of MND, but her vocal stretching and ruthless emotional drive compensate entirely. In fact, almost all her performance is conducted through her eyes (and what eyes!). This is an intelligent turn from an actress who is rapidly undoing her English Rose reputation, and emerging as a figure of some stature. Awards must surely follow, though not, alas, for this fine performance.<br /><br />Branagh, one feels, has never quite given his best on film (except possibly 'Hamlet', and there his playing was diluted by the large cast). Here, though, he tops his other appearances, playing to the hilt a self-loathing, unstable, ultimately lovable guy with a subtlety he hasn't always displayed, and exhibiting both intelligence and depth. In short, we believe him, just as much as we could NOT believe him as Frankenstein, as the priest in 'The Proposition', as the lawyer in 'The Gingerbread Man', even as Andrew in 'Peter's Friends'. This is surely his finest performance yet - so why could he not produce the goods much earlier?<br /><br />As a film, it looks more like a television offering, and without its stars it probably wouldn't amount to very much. But it's been a pleasure to see this pair perform their socks off like this, and I eagerly await more from them (though not 'Love's Labour's Lost'...). 8 out of 10, but Branagh and HBC get 10 out of 10.",positive
"I'm usually not too into a specific show (save for The O.C. & Desperate Housewives...hey, I am 20!), but, no kidding, after one episode of Reunion I was hooked.<br /><br />I can't even say how bummed I was that it's time-slot conflicted with Bush's speech last night because I was really looking forward to the 1987 episode, which will now air next Thursday. Again, that conflict was disadvantageous because, being a new show, it needs to build up a following and having the second episode pushed back a week kills some momentum.<br /><br />That said, TV doesn't always have to be Emmy worthy to be enjoyable. I don't expect Reunion to take home any prizes, but I do expect it will be able to capture my attention all season. Ever watch the first few episodes of a beloved show years later? Sometimes you wonder how you ever got hooked. Character building takes some time.<br /><br />The one episode for each year idea is wonderful, in my opinion. The only other show I can recall doing something similar is 24, with each episode being an hour...and having an eventful year is more realistic than a day that eventful! Please give this show a shot. Relax about art form...it's just TV!",positive
"Eh, not a particular good slasher flick. So-so acting, effects, decent yet familiar and uninventive soundtrack.<br /><br />There are three deaths in close succession near the beginning of the movie that make for a fairly good scene in which it would seem anything goes. Apart from that, there's a lot of characters wandering around, not realizing what's going on, or chasing after red herrings; more killing of time, than of people. There are other deaths, and the killer is an equal opportunity murderer, not partial to any one implement. The killer also likes to set other people up to kill innocent people as well. The identity isn't revealed towards the end, and motive is pretty thin, and we really don't care.<br /><br />Supposedly the movie takes place around Christmas, but this isn't a major factor. One scene gets lit by Christmas lights, that's about it.<br /><br />The movie is rather dark with a muddy picture most of the time, at least on the videotape I watched. Some of the dialog got a little lost in some of the opening scenes. The ending should have been stronger than it was. We think we realize what happened, although there's a chance something else did.",negative
it was the worst ending i have ever seen if some one can please tell me how and why the last chick goes crazy and eats the old women in the end. why dose the movie have all those cheap crappy scares in it in the beginning but yet when the first person dies they kill them all off in 5 minutes! most of the people could act but i do give so credit to the porn stars they did their best. also it had a couple funny parts and kills like when the care taker gets his organs riped out of his ass and then gets choked with it. if this movie had an ending that could make any since i would have given it a 8 out of 10 but the ending made no since. the ending sucked but the rest was great,negative
"I feel the movie did not portray Smith historically. The goal of this movie was to tell Smith's life in a way that would be ""comfortable"" to the LDS Church leaders, historical accuracy seems to have been of little concern. The movie was designed to be a ""faith promoting"" experience, not a balanced view of Smith ""as a man."" I have taken it upon myself to study Smith's life and have read both LDS works and none LDS works. The movie, like most LDS projects, was beautifully filmed and well acted. However, this was not a realistic portrayal of either the beginnings of Mormonism or Smith's relatively short life.<br /><br />A significant period of time was given to reenacting an accident that Smith had when he was seven. While this event was no doubt important in forming his mental outlook, it appears that the main reason for including it in the film is to help establish a sympathetic view of Joseph Smith. Another point is in portraying Smith's teen years the film is silent regarding the Smith family's involvement in magical practices during the 1820's. Another problem is while the movie shows Joseph Smith good-naturedly entering into wrestling contests, it fails to show how he sometimes lost his temper and became violent.<br /><br />I could go on and on. This movie was not historical in any way and should be considered a fictional movie about a man. I would not recommend seeing this movie for any other purpose other then entertainment.",negative
"I feel as though I know these people and have known people similar to them. These days, though, people are discouraged from showing such passion about anything especially love and loneliness. It has a slow beginning, but then look out! If you love romantic comedies, but would like to see one that had some basis in reality for a change {or at least did have back in the 70's}, then you should see this movie!",positive
"""Hood Rat"" is absolutely terrible. This is a urban version of ""Willard"". I just can't believe this movie got made, let alone distributed. Someone in Universal Studios thought that people would watch and like this ""movie"". The only good thing in this is Ice-T as the landlord. He was funny. <br /><br />The one thing I hate in movies is sped up action. Once or twice is bad enough, but the WHOLE movie is like that. Every scene transition is some fast motion special effect. The director should be banned from making movies forever. <br /><br />Trust Me, Never see this movie!",negative
"Jamie Foxx is fun but this movie has been done before. The bad guy plays a ""malkovichian"" character from ""In the Line of Fire"". The cops will do anything to find the bad guy - and of course the good guy has two sets of bad guys and one set of cops after him - all the while he is just trying to turn over a new leaf...",negative
"I very much enjoyed Bruce Almighty but the minute i found out that there was going to be a sequel WITHOUT Jim Carey, i knew it was bad. Although Steve Carell was hysterical in the first film ( the babbling scene is one of my favorites) , and, in my opinion , deserves an Emmy for his role in The Office , he is pretty weak in this dull comedy. I'm curious how much work the script writers put, because we could just as well do without the story . But even if we discard the huge plot holes (why did elephants and lions come to aid Evan when the flood only concerned that particular area of Washington) the film is simply ...not funny. I did not laugh once and as far as i remember, a comedy is supposed to make you laugh . Or giggle at least. Not this one.<br /><br />There is small hope however. Evan Almighty has ""family"" written all over it and maybe a family viewing might be enjoyable,(kids might be entertained by the variety of animals and the silly jokes) , but ,for me, Evan Almighty simply doesn't cut it.<br /><br />I give it a 4/10 and hope that Carell will be more careful when choosing his roles in the feature.",negative
"I'm not going to lie and say I don't watch the show--I do. BUT it has a lot, and a lot of flaws. 1) The Boarding School is perfect. The drama is at a minimum. Everyone is so nice to each other, you know. Lets give that a reality check. Its IMPOSSIBLE that ANY school is perfect like PCA. Free laptops for everyone. Big dorm rooms. Mini fridges. If there was a school like that in real life, almost nobody there would be a virgin for one. Two, everyone there is so rich, and its weird how nobody has anything stolen yet. 2) Characters really unrealistic. First things first, who in they're right minds talk like they do. They talk like a perfect teenager would. Secondly, Logan Reese(Matthew Underwood) is an extremely rich boy ""hot"" teenage boy. My question is, why isn't almost ever girl in that school all over him? He's rich and ""hot"" now a days all those girls would be after him, even if he was a jerk. Also, Chase is the most stupidest person ever. He is this shy teenager who claims to not be in love with Zoey, and over-reacts to everything that involves Zoey. She must be BLIND not to see him in love with her.<br /><br />Come on Nick. I know you can do better than THAT. Please..",negative
"Ignoring Rocky 3, this is easily Hulk Hogan's best film, and it still rates as one of the worst films ever. Hulk Hogan essentially plays Hulk Hogan, bringing his wrestling buddies in for a film, with all the cliches to go along with it - the crooked promoter, the unstoppable monster, the injured kid, the sexy woman and... ""dookie"".",negative
"the only word that sums up this movie is quirky. it's a light-hearted romp through an existential concept. bouncy (in more way than one) and a bit nutty. i wouldn't exactly call it grand and unforgettable cinema and it doesn't seem quite as memorable as the director's first movie ""cube"" but it's a good pit of fluff to watch on a Sunday morning. the acting veers from respectable to annoying at times but i believe that's how it was to be written. done as a serious movie it could perhaps have been great or may very well have stepped into a state of pretension. a little like ""the matrix"" meets ""head"" meets ""human nature"".<br /><br />6.8 out of ten",positive
"Meant to be some sort of a social commentary about the way that our lives were spinning out of control in the 1970's, this movie plays more like something Mr. Schlesinger threw together after having a bad day on the freeway. A mish mash of snippets about the nuts encountered along the freeway in Florida, and along the freeway of life, the cast is mostly wasted and probably ended up on the cutting room floor. The problem is that what DIDN'T end up on the cutting room floor probably should have! Now available on DVD, it's kinda fun to see a comedy that would have cost $100 million to produce had it been made in 2004. It rolls along and isn't too difficult to sit through, and, strangely enough, in 2004 we're all still pretty much just<br /><br />hopping in our cars and going faster and faster, heading nowhere.",positive
"Probably the best picture Producers Releasing Corp ever made, this little horror piece rivets the attention from first to last. Director Frank Wisbar obviously knows a good story when he writes one and what's more important he knows how to realize its full shock potential on the screen. Not only is the plot involving and the characters fascinatingly drawn, but the setting is absolutely out of this world! Just about all the action takes place either at night or in the middle of a clinging, pervasive fog. This chilling atmosphere is augmented by Wisbar's inventive direction and the wholly convincing performances he has drawn from all his players. The lovely Rosemary La Planche makes an ideal heroine, beautiful, spirited yet vulnerable. Robert Barrat delivers his usual no-nonsense, straight-down-the-line portrait of the local bigwig, though it's hard to believe that the personable, good-looking guy who plays his son is none other than the later dullsville writer/director Blake Edwards.",positive
"I've seen various Hamlets, and I've taught the play. As I watch Jacobi, I'm tempted to think that he's every bit as intelligent as Hamlet himself, so alive is he to every nuance of this character's wit. He deepens, rather than solves, every puzzle regarding Hamlet's character. He illuminates line after line, word after word, shining light into this sparkling mind. At the same time, however, we cringe at the horror Hamlet feels at his betrayal--far more than with any other actor--because Jacobi feels the pain more profoundly than anyone else. And we shudder at Hamlet's own betrayals, because Jacobi is not afraid of the baseness to which Hamlet can descend. In short, Jacobi gives us Hamlet in full, and Hamlet in full is the greatest character in literature. That's why I'm satisfied that Jacobi's Hamlet is the finest performance I've seen by an actor.",positive
"Utterly tactical, strange (watch for the kinky moment of a drop-dead gorgeous blonde acting as pull-string doll for some rich folks), pointless but undoubtedly compelling late-night feature. This unhinged French production is a stew of perplexedly unfocused ideas and random plot illustrations centred on its very charismatic stars (if somewhat anti-heroes) Alain Delon and Charles Bronson. Really they don't get to do all that much, especially during the confined, lengthy mid-section where they hide themselves in a building during the Christmas break to crack a safe with 10,000 possible combinations. Oh fun! But this is when the odd, if intriguing relationship is formed between Delon and Bronson's characters. After a manipulative battle of wills (and childishly sly games against each other), the two come to an understanding that sees them honour each other's involvement and have a mutual respect. This would go on to play a further part in the twisty second half of the story with that undetectable curve-ball. Still their encounters early on suggest there's more, but what we get is vague and this is magnified by that 'What just happen there?' ending that might just make you jump. YEEEEAAAAAHHHHHHHHH! Glad to get that out of the system. <br /><br />The pacing is terribly slow, but placidly measured for it and this seems purposely done to exhaust with its edgy, nervous underlining tension. Watch as the same process is repeated over and over again, and you know something is not quite right and the scheming eventually comes into play. Now everything that does happen feels too spontaneous, but the climax payoff is haunting. The taut, complex script is probably a little too crafty for its own good, but there are some neat novelties (Coins, glass and liquids try not spilling) and visual symbolisms. Jean Herman's direction is efficiently sophisticated and low-key, but get a tad artificial and infuse an unwelcoming icy atmosphere. The sound FX features more as a potent note, than that of Francois DeRoubaix's funky score that's mainly kept under wrapped after its sizzling opening. Top drawers Delon (who's quite steely) and Bronson (a jovial turn) are solid, and work off each tremendously. Bernard Fresson chalks up the attitude as the Inspector who knows there's more going on than what is being led on. An attractive female cast features able support by Brigitte Fossey and Olga Georges-Picot. <br /><br />A cryptically directionless, but polished crime drama maintained by its two leads and some bizarre inclusions.",positive
"""Graduation Day"" was released in May 1981, during the height of the slasher film craze. Earlier that year, fans had been subjected to flicks like ""My Bloody Valentine"", ""Just Before Dawn"", ""Friday the 13th Part 2"", and ""The Burning"" and theaters still were expecting flicks such as ""Halloween II"", ""The Prowler"", and ""Happy Birthday to Me"". I have seen all of these films, and out of all the popular 1981 slashers ""Graduation Day"" is by far the worst.<br /><br />What ""Graduation Day"" amounts to is an exercise in poor, low-budget film-making with bad acting, bad writing, pointless characters, pointless scenes, unneeded nudity, cheesy dialogue, and an experiment in editing that didn't work so well. And who could forget the classic 80's disco music that plays throughout the film (the opening scene's music is only rivaled by the music that plays during a chase scene). However when renting a movie like this a person should be aware that those details will be in this film. So why isn't ""Graduation Day"" considered a classic like ""Halloween"", ""Friday the 13th"", ""A Nightmare on Elm Street"", ""My Bloody Valentine"", ""The Burning"", or ""Prom Night""? Why do fans still seek those films but disregard this without care?<br /><br />Where slasher films need to succeed above all other areas is in the pacing. There is nothing worse than a slow moving slasher, and ""Graduation Day"" moves pretty slow. The most aggravating part is that there are plenty of opportunities to speed things up; there are numerous pointless characters who are introduced and who are never allowed the chance to be a suspect in the murders or be a victim. There's a sleazy teacher, a stressed principal, a cunning secretary, a dopey school security guard, a clueless detective, an alcoholic step father, a mindless grandmother, and a mom to an earlier victim still grieving. All of these characters could have a motive to killing or a reason to getting killed, but they are all wasted. The worst part is that the story still focuses on them, and at times designates entire scenes just to flesh out their character. But for what?<br /><br />What does amaze me about ""Graduation Day"" and its small fanbase is that people aren't more amazed by the death scenes. Fans go wild for death scenes like the raft massacre in ""The Burning"", the washing-machine death in ""My Bloody Valentine"", the kabob death in ""Happy Birthday to Me"", the upside down death in ""Friday the 13th Part 3"", and hot tub death in ""Halloween II"", and even the car hood death in ""Madman"". But where is the respect for some truly unique (even though cheesy) deaths in ""Graduation Day"". One victim gets impaled right through the jugular with a fencing sword, while another gets that sword thrown at them like a javelin. The best death includes spikes under a landing mat. Why aren't these deaths famous among the genre like the deaths in more popular slasher films?<br /><br />""Graduation Day"" tries hard to be a great and unique film, but there is just an element of logic and pacing missing that really ruins the whole experience. Its not the worst of its kind (try checking out ""Don't Go in the Woods... Alone"") and there is a bit of suspense, plus it delivers just what fans are looking for (blood, gore, nudity, sex, and nostalgia) but ""Graduation Day"" will not be remembered as one of the all time greatest slasher films ever made. It's not a question of budget - almost all slashers have a low-budget - however it is a question of ideas, creativity, and craftsmanship. That's all any type of movie making is...<br /><br />Recommended for hardcore slasher fans. General horror fans might get a little bored, and people who don't have much interest in horror at all should steer clear. It's not the worst slasher film ever made, but its a long way from being the best.",negative
"""L'Auberge Espagnole"" collected the audience wherever it was shown. It gathered audience awards on many film festivals all over the world. And it is not strange. We have the ability to watch a cheerful and an astonishing piece of art. And it is wise by the way. ""L'Auberge Espagnole"" is a very funny comedy about youth and growing up. But most of all it is about the lights and shadows of living in the European Union.<br /><br />The main character of the film is a French student of economy Xavier. For his future carrier his is sent for one year of studying to Barcelona. In Spain it turns out that the lectures are being given in Catalonian language. That probably doesn't help the increasement of knowledge. But it helps in tightening the relationships inside the group of foreign exchange students. Especially if they rent a big flat together. There are 3 girls: English, Belgian and Spanish, as well as three boys: German, Danish and Italian. Our French guy will also get there. A year is a very long time. Long enough to get close and make friends. And get to know some European stereotypes while trying to break them apart.<br /><br />Klapisch treats this special case of a process of uniting Europe with humor and without pecky didactism. He comes out of the idea that young people are everywhere just the same. They like jokes. They like to make irresponsible relationships. But they don't neglect their aspirations. The most interesting is the sum of experience of this little community. They live together in the fire of everyday tasks fighting with the surrounding reality. They are full of unusual ideas for life. Young Europeans come back to their countries to take up a life of an adult on their own. They are Europe's hope to fight the many problems of the Union. For example, the terrifying administration system. In the end they proof that not only can they communicate and make friends despite the many differences. But they also now how to live the full of life. And they won't allow taking that full of life away from them.",positive
"In this ""critically acclaimed psychological thriller based on true events, Gabriel (Robin Williams), a celebrated writer and late-night talk show host, becomes captivated by the harrowing story of a young listener and his adoptive mother (Toni Collette). When troubling questions arise about this boy's (story), however, Gabriel finds himself drawn into a widening mystery that hides a deadly secret"" according to film's official synopsis.<br /><br />You really should STOP reading these comments, and watch the film NOW...<br /><br />The ""How did he lose his leg?"" ending, with Ms. Collette planning her new life, should be chopped off, and sent to ""deleted scenes"" land. It's overkill. The true nature of her physical and mental ailments should be obvious, by the time Mr. Williams returns to New York. Possibly, her blindness could be in question - but a revelation could have be made certain in either the ""highway"" or ""video tape"" scenes. The film would benefit from a re-editing - how about a ""director's cut""? <br /><br />Williams and Bobby Cannavale (as Jess) don't seem, initially, believable as a couple. A scene or two establishing their relationship might have helped set the stage. Otherwise, the cast is exemplary. Williams offers an exceptionally strong characterization, and not a ""gay impersonation"". Sandra Oh (as Anna), Joe Morton (as Ashe), and Rory Culkin (Pete Logand) are all perfect.<br /><br />Best of all, Collette's ""Donna"" belongs in the creepy hall of fame. Ms. Oh is correct in saying Collette might be, ""you know, like that guy from 'Psycho'."" There have been several years when organizations giving acting awards seemed to reach for women, due to a slighter dispersion of roles; certainly, they could have noticed Collette with some award consideration. She is that good. And, director Patrick Stettner definitely evokes Hitchcock - he even makes getting a sandwich from a vending machine suspenseful.<br /><br />Finally, writers Stettner, Armistead Maupin, and Terry Anderson deserve gratitude from flight attendants everywhere.<br /><br />******* The Night Listener (1/21/06) Patrick Stettner ~ Robin Williams, Toni Collette, Sandra Oh, Rory Culkin",positive
"Simply terrible! Why wouldn't you use actual actors? Look, this has to stop! Stop using non-actors! If you want any credibility or any message sent via these low-budget films...please for the love of god use real actors! Most will work for free...take advantage of that! Now back to my comment...anyway, the humour was lower than that of the bathroom variety and wasn't funny on any level. As for the quality...in one scene filmed on a public transportation bus you could see the reflection of the crew...guess what? It was one guy with what looked like a Sony Camcorder and probably not even his. Well, I assume the only audience for this film are people with a gore fetish...and it wasn't even good gore.",negative
"""Kramer vs. Kramer"" is a terrific drama about an unhappy woman who walks out on her husband and young son. The husband now has to take up the responsibilities of taking care of the boy. As he does, they get to know each other better. But then, the mother and wife returns, and she wants custody of the boy. ""Kramer vs. Kramer"" has lots of drama with some wonderful bits of comedy thrown in for good measure. Dustin Hoffman won his first Best Actor Oscar for his brilliant performance here. Most people say his performance in ""Rainman"", which won him his second Oscar, is his best. He was great in that film, but I disagree that its his best. In my opinion, the best performance of Hoffman's career is in this movie. Scene after scene shows us why Hoffman is one of the best American actors working today. He's also funny at times. Also giving a terrific performance is Meryl Streep, who wasn't as well known when she made this film like she is today. Streep, like Hoffman, also won her first Oscar (for Best Supporting Actress) for her work in ""Kramer vs. Kramer"" as the wife and mother who tries to find herself after walking out on her family. Justin Henry, who was only 8 years old when the film came out, is wonderful as Hoffman and Streep's son. He won an Oscar nomination for his role here, and still to this day he is the youngest performer to receive an Oscar nomination in a competitive category (Best Supporting Actor). Jane Alexander is also fine as a conserned family friend. She too got an Oscar nomination (for Supporting Actress where she lost to co-star Streep). ""Kramer vs. Kramer"" is a great film from start to finish. Writer-director Robert Benton has made a film that's absolutely unforgettable. <br /><br />**** (out of four)",positive
"As a ""lapsed Catholic"" who had 11 years of Catholic school, but hasn't been to Mass in 35 years except for weddings and funerals, I thought I'd get a kick out of this. And I did . . . for the first two-thirds of the movie. It was all the standard stuff -- strict parochial school teachings, repressed sexuality, etc. But then, suddenly, the movie turned mean. REALLY mean. Now mind you, I saw this before the pedophilia scandals hit . . . and maybe I wouldn't have been quite so offended at such nasty, hateful digs at the Catholic Church if I'd known about those abominations (such a Catholic term!) and coverups.<br /><br />It's been a few years since I rented the video, and I won't go back to rent it again with a new perspective. It just left such a dirty, nasty, ugly taste in my mouth . . . I wonder what experience all the actors had with the Church, because either they *really* hate it, or they whored themselves for the paycheck. It's an incredibly anti-Catholic movie, offensive to anyone who has a glimmer of a gleam of respect for Catholic education. Which I still do because there were no better teachers back in the '50s. Whatever else those nuns did, they forced me to learn how to read and write the English language. They made us memorize. (How many kids today can do simple arithmetic in their heads?) Truth is, there's nothing more essential for success in America. Can ya read? Can ya add/subtract/multiply/divide? Great. You can get any advanced degree you want. And the discipline of Catholic education will stand you in good stead, not just as you continue your studies, but also for the rest of your life, no matter what you think of the Catholic ""mythology"" we all had to learn.<br /><br />Such a great cast, such a lousy, rotten script. I really feel bad (and no, it's not ""badly"" -- trust me, the nuns taught me better) for the writer and director.<br /><br />I thought I had mixed emotions about Catholic school. But the participants in this project must've been those bad (ie.e, stupid) kids who sat in the back of the room, if they were willingly involved in making this movie.",negative
"An example of all of the worst gay stereotypes all in one movie.<br /><br />And Charles, why do you speak in that weird pseudo British/high-brow accent, and insist that the kid speak that way too? Did anyone else notice that all of the soundtrack music is exactly the same? You should stick with the good old Hollywood camp drag stuff that you are so good at! Die Mommy Die II, the Sequel!! I don't see the value of spending time and money on a project like this; there are so many REAL life gay youth stories to be told and we should be seeing those, not this garbage. Sheesh, what a waste of time. Embarrassing example of gay cinema.",negative
"I was invited to an early screening of the movie about four months before it was released. I had to watch the film and later fill out a packet on my thoughts. It was THE hardest thing to sit through on earth. The show just crawls by, and you quickly begin wishing you were dead. The thing is, there are two types of Mormon films. The good ones with actual good stories, and the crappy ones that just plain stink. Saints and Soldiers, now there is a good movie. But, with these wannabe-comedies, the writers and the actors just try too hard. Basically, they try to be funny when they are not. No wonder why there is such a small target audience for these films; they're filled with 'inside jokes' that aren't funny to begin with, and they just try to poke fun at average things. It's the story that makes the movie, and the stories for these movies are just weak. I bet you can guess what my packet looked like when I was told to fill it out after the movie. ;)",negative
"If you like Madonna or not, this movie is hilarious!! I am a Madonna fan and did see this in the theater at the time of its release. However, over time it has not lost its silliness and pure fun. Sure there are some bad lines & cheesy acting but the whole film is just a screwball comedy with Madonna actually carrying the whole film with great bombast. She is cute,funny, and is the only comedic role of her movie career. Madonna usually just plays 'herself' in roles but watching her as Nikki Finn in this film, she really seems like somebody else for once. Of course the film is directed by James Foley (who filmed the dramatic and haunting 'At Close Range' with Sean Penn & Christopher Walken) and co-stars Griffin dunn ('After Hours') who is also brilliantly cast and has fun with the material. The story is nothing genius and don't expect some climatic ending but if you are ever in the mood to watch a fun, clean, 80's romp or if you are a Madonna fan than this is a MUST SEE. The Soundtrack is also very notable and contains 4 Madonna songs: the #1 hit ""Who's That Girl"", the #2 hit ""Causing A Commotion"" and the beautiful and one of her best ever ballads ""The Look of Love''(Top 10 Hit in the UK) and ""Can't Stop"" a left over pop ditty from the 'True BLue' sessions the year before. It is only on VHS but will soon be available on DVD.",positive
"You want the worst horror movie of the 21st century? El Chupacabra is it. ""Manos:The Hands of Fate"" is THE worst movie of all time, but El Chupacabra certainly is the worst movie of this century. It also has to have the distinction of having the absolute worst leading actor ever. Eric Alegria, the actor in the lead role, has never done another film other than El Chupacabra, gee - I wonder why.<br /><br />Apparently the monster is attacking people, but everyone that is attacked moves really slowly and is really stupid. And, there are no cops at all in this town just two idiot detectives - Hello! Cops show up on the scene of homicides first, then the detectives come! And, apparently the monster only attacks in one person's backyard, and some deserted area by the docks. Or...thats the only places the filmmakers could get access to film.<br /><br />This 'film' is the reason why IMDb must allow us to give negative stars. This easily deserves -10 stars, or at least 0. They should allow a 0 rating.",negative
"Its Christmas Eve and lazy and submissive housewife Della (Kim Basinger) receives some violent threats from her troubled and abusive husband. Leaving her twin children in bed she ventures off into the night for one last shopping spree at the local mall. Its busy there and finding a parking space is nigh on impossible, Della takes umbrage at one motorist who parks in two spaces, she leaves them a note saying as much. Returning to her car after visiting the shops she is confronted by some yobs, Yup the owners of the car she left a note on, they are very angry and want some fun with her, a kindly security guard steps into assist her, but things get out of hand and the guard is shot, Della flees with the now murderous yobs in hot pursuit, they shoot at her, she looses control of her car and crashes, quickly grabbing her toolbox from the trunk, she hides in a deserted building site, but is soon caught, just before they try to rape and kill her, from her magical toolbox she produces a wrench, wounding their leader ""Chuckie"", she manages to escape again into the nearby woods, in the fracas one of the gang is killed, it just happens to be the black guy Here the night gets worse for all involved as a deadly game of cat and mouse ensues. A similar plot line to Eden Lake drew me to this, but that is where the comparisons end. This is a brainless and dumb film, shockingly scripted and horribly acted by all involved, the doe eyed Disney-esquire twin kids are horrible to watch, but its Lukas Haas as Chuckie, that must take the plaudits in the bad acting department, although he is given a run for his money by the equally awful husband. As a film its plot line is completely telegraphed all the way through, even in the set up early on Della's cell phone goes dead and then in the shops her credit card has been cancelled by her hubby and she has no cash and its Christmas Eve, now where could they be going with this I wonder??? The only surprising part of this $hit is when after killing all the clichéd bad guys with the contents of her magic toolbox, she demands Chuckie to f@ck her, if my jaw had not already been on the floor at this films awfulness, it would surely have dropped and smashed on the floor. even the ending is messed up, all the feminist grannies wanting their pound of flesh are left utterly disappointed.. I didn't think I could be further disappointed, but then I saw that Guillermo del Toro produced this dreck",negative
